frequency_Hz,Re_Z_ohm,Im_Z_ohm,abs_Z_ohm,phase_deg,abs_Z_p10_ohm,abs_Z_p90_ohm,phase_p10_deg,phase_p90_deg,n_local_estimates,sample_rate_Hz,start_s,end_s,band
0.2,0.19357526518884188,-0.04554397456494337,0.19886084811270083,-13.239637401176767,0.17271469782447035,0.48031180157047026,-13.878559204312387,114.43128823706098,28476,5000.000126310628,5.0,71.4,slow: 10 ms segments
0.2241230970722028,0.14151355790686126,-0.09092736019294503,0.16820782354907318,-32.72214883082226,0.08688980336238504,0.19582253272877767,-33.09767767443729,2.6893538822533287,42350,5000.000126310628,5.0,71.4,slow: 10 ms segments
0.2511558132061802,0.1385635665073669,-0.033997782408634936,0.1426734424199065,-13.785689582473369,0.13379754627511395,0.15615654759015143,-18.619331394041012,19.63858180976653,54732,5000.000126310628,5.0,71.4,slow: 10 ms segments
0.2814490935172837,0.10396878595332507,-0.045120079363790505,0.11333724019228224,-23.459742711294055,0.05387794957390888,0.22969173318693809,-30.990400368811642,-0.5869831376808293,65782,5000.000126310628,5.0,71.4,slow: 10 ms segments
0.3153962125362883,0.0629968581837656,-0.03644946884911394,0.07278164549120886,-30.05332440910727,0.05962263656001806,0.1534942100246884,-57.059938898022615,60.054967269788584,75643,5000.000126310628,5.0,71.4,slow: 10 ms segments
0.3534378797923782,0.06463788696583471,-0.015489521778689232,0.0664678998941633,-13.475975885628124,0.03350119483720702,0.12137471130021978,-51.42990728670429,37.91515219969531,84441,5000.000126310628,5.0,71.4,slow: 10 ms segments
0.3960679612085035,0.06404728862589981,-0.02719410206723906,0.0695814225750863,-23.005791693321004,0.041382895406558595,0.1294879474675698,-22.877548107938225,4.229228324016156,92293,5000.000126310628,5.0,71.4,slow: 10 ms segments
0.4438398905856144,0.06310004818319272,-0.02956493344595388,0.0696828628170867,-25.104996942963172,0.032454239182294106,0.1359687343303324,-44.0255614018123,3.0499792848237344,99300,5000.000126310628,5.0,71.4,slow: 10 ms segments
0.4973738544111776,0.06010658366042254,-0.015310747344326895,0.06202596539812329,-14.29084410045485,0.024306909933467336,0.12742168968689155,-70.9878424536407,-13.693670667671539,105552,5000.000126310628,5.0,71.4,slow: 10 ms segments
0.55736484326686,0.0735087164802416,-0.02564056270659984,0.07785223088957452,-19.229273695611177,0.04492377291999319,0.12632238401151957,-59.474671523298014,2.439478573014865,111132,5000.000126310628,5.0,71.4,slow: 10 ms segments
0.6245916743606578,0.07362087686499097,-0.010859480695591069,0.07441748337150401,-8.390932720638222,0.04728605910884815,0.09780263734195487,-42.56292444907378,-0.15145328846788486,116110,5000.000126310628,5.0,71.4,slow: 10 ms segments
0.6999271023161168,0.06682047612420051,0.005271070528173023,0.06702805542441036,4.510383671072104,0.04235062570949595,0.08790072932849795,-18.935293199554827,10.629987341937058,120555,5000.000126310628,5.0,71.4,slow: 10 ms segments
0.7843491494793031,0.06365850750648569,-0.002741950113895425,0.06371753187608875,-2.4663651077989757,0.04074816410121979,0.09569660007998287,-19.467993812923144,28.254070993955864,124518,5000.000126310628,5.0,71.4,slow: 10 ms segments
0.8789538028362478,0.05754521307056768,-0.013588535018417006,0.059127826201237764,-13.286253593210528,0.03509502136472729,0.09461734028320633,-28.89548872948185,60.50576206143403,128057,5000.000126310628,5.0,71.4,slow: 10 ms segments
0.9849692423752506,0.057895855226214994,-0.003062228848740403,0.05797678240379423,-3.0276683667636712,0.03988964954640777,0.08744658165339012,-24.849066197093,66.31135305634017,131214,5000.000126310628,5.0,71.4,slow: 10 ms segments
1.1037717856100118,0.06357712556864178,0.026653655039758212,0.06893814780329736,22.745059173793052,0.04608756620610547,0.0948429676168608,-24.904321580390725,29.462750360895132,134031,5000.000126310628,5.0,71.4,slow: 10 ms segments
1.2369037552591562,0.062047015435017304,0.005064959404890859,0.06225340101686388,4.666763815234637,0.05280475501942541,0.09457007320971161,-24.355406050105728,26.645845436530564,136546,5000.000126310628,5.0,71.4,slow: 10 ms segments
1.3860935020446,0.06001238360910788,0.010389089244137112,0.06090500276471027,9.821460955580982,0.038961209964865115,0.08665418555117751,-18.801157664323462,26.1684119758146,138789,5000.000126310628,5.0,71.4,slow: 10 ms segments
1.553277842549457,0.0594773885660391,0.0020130340509600573,0.059511444754147276,1.9384567444944694,0.032340106856292454,0.09513815920891508,-24.146806013941408,21.372820130933377,140792,5000.000126310628,5.0,71.4,slow: 10 ms segments
1.7406272034290682,0.06563099502800845,0.004874894318706238,0.06581179303882416,4.2479761238446825,0.040746323472378186,0.10676050343877513,-17.296142999369533,25.492054112310417,142578,5000.000126310628,5.0,71.4,slow: 10 ms segments
1.9505737984032496,0.0674628515340028,-0.004539110312281802,0.06761538182637118,-3.8492365856745616,0.0510134864702971,0.08177444627467653,-6.352187090257571,17.6021569193052,144172,5000.000126310628,5.0,71.4,slow: 10 ms segments
2.185843203830134,0.06852334353213266,0.005237505243802266,0.06872321347260707,4.370840460494315,0.06309684588561026,0.07998139100892833,-2.506833284561865,8.102942601507438,145594,5000.000126310628,5.0,71.4,slow: 10 ms segments
2.4494897427831788,0.06911583016862623,0.0042608103309911185,0.0692470395365395,3.527670759960083,0.06517903636585587,0.0782331341531004,-1.1620073980028756,6.04780370934077,146865,5000.000126310628,5.0,71.4,slow: 10 ms segments
2.7449361369957965,0.06936100977834453,0.002140187098269933,0.06939402047934105,1.767344433450341,0.0640841780415222,0.07795581863154437,-0.7594500087425,7.042462495700468,147997,5000.000126310628,5.0,71.4,slow: 10 ms segments
3.0760179414445306,0.06936327183333524,0.0017632270925575385,0.0693856789921745,1.4561556294019968,0.061963797913868385,0.07946650037405656,-3.3008222058921506,9.129707210696054,149009,5000.000126310628,5.0,71.4,slow: 10 ms segments
3.447033338431051,0.06684040717044662,-0.0029652490578070674,0.06690614869117724,-2.540154047412903,0.05838492114947712,0.08563416447816291,-8.428033613630769,13.326584971484095,149911,5000.000126310628,5.0,71.4,slow: 10 ms segments
3.8627989376015077,0.06314220112672543,0.010897383893486476,0.06407566260952643,9.791921652608405,0.04903921842610348,0.0797374299625375,-7.627267097804093,16.977254289705673,150715,5000.000126310628,5.0,71.4,slow: 10 ms segments
4.328712306312322,0.06546671209834573,0.002006501580533939,0.06549745370287591,1.755519571772796,0.05983564045425078,0.07279038274684448,-0.9618097827886375,11.307555154358685,151434,5000.000126310628,5.0,71.4,slow: 10 ms segments
4.850822042126376,0.06629592911220306,0.005482584431767985,0.06652224401583065,4.727526422662944,0.063191138716899,0.07034340705020492,0.49622147574243103,8.706995032713992,152076,5000.000126310628,5.0,71.4,slow: 10 ms segments
5.435906297137352,0.06649175523414116,0.006474296527520079,0.06680621250784388,5.56135382595503,0.0634672153568462,0.07047565847089199,0.48058020099160426,8.744081300319243,152647,5000.000126310628,5.0,71.4,slow: 10 ms segments
6.091560773543568,0.06601281159540294,0.005088473870369972,0.06620863887031361,4.407821435009866,0.060505067146592505,0.07258816751494257,-1.4058837962863502,10.381638791998999,153158,5000.000126310628,5.0,71.4,slow: 10 ms segments
6.826297332850639,0.06286779848541062,0.008440696835399714,0.06343189615224602,7.646862977374394,0.05325382908397865,0.07580534175131952,-4.970663515664648,17.335468086076983,153613,5000.000126310628,5.0,71.4,slow: 10 ms segments
7.649654498871012,0.06065276328867299,0.009051617075522898,0.06132446058656933,8.487988243245578,0.05267931418394265,0.07735638303020206,-2.8619456236292105,17.227322246835744,154020,5000.000126310628,5.0,71.4,slow: 10 ms segments
8.5723212890964,0.06125378410846121,0.007780966605609725,0.06174600804038743,7.2394151158570414,0.05217978023700842,0.07238433797871537,-3.4413648611878442,17.66629901887395,154384,5000.000126310628,5.0,71.4,slow: 10 ms segments
9.606275982051315,0.06224983950770112,0.003525155090342898,0.06234957287059405,3.2411492370213875,0.05373259379663703,0.07347341663764859,-3.0796432175101627,11.596314535882009,154706,5000.000126310628,5.0,71.4,slow: 10 ms segments
10.76494162213829,0.06286158796456343,0.0054042221873119335,0.06309346130048961,4.913647006593818,0.05494532780743174,0.07268885097642275,-3.3717500850469606,10.27227408490564,154996,5000.000126310628,5.0,71.4,slow: 10 ms segments
12.063360280775477,0.06290816006879685,0.005090466821087141,0.06311378182059728,4.626238678795417,0.05569000787419113,0.07254489213918087,-4.6853844477983255,11.46211321865665,155253,5000.000126310628,5.0,71.4,slow: 10 ms segments
13.518388336125987,0.06466982495706557,0.0023983292085056865,0.06471428159973555,2.123883834540098,0.056520265484874745,0.07302115632499206,-2.478426450100423,11.057798756177073,155484,5000.000126310628,5.0,71.4,slow: 10 ms segments
15.14891530658649,0.06540122813361865,-0.013712346348302342,0.0668232675328095,-11.84139270090167,0.05791206318431483,0.07337113541402344,-0.5533146391141144,10.168039337802236,155689,5000.000126310628,5.0,71.4,slow: 10 ms segments
16.97610907898331,0.06511668160948417,0.009523633723884446,0.06580943566949683,8.320794512694597,0.05574582605697609,0.07340551312129465,-0.2835725069382525,11.527379856404325,155872,5000.000126310628,5.0,71.4,slow: 10 ms segments
19.023690715086403,0.06403575122220959,0.01010930497106766,0.06482881675297467,8.971227116513385,0.053605817479477506,0.0737576855207992,-2.1523269220533097,12.920819260716696,156036,5000.000126310628,5.0,71.4,slow: 10 ms segments
21.318242404044362,0.06296725727642627,0.006405552146329798,0.06329223164982418,5.80862022194412,0.0514808795887519,0.0728507759031401,-2.702821342123228,14.376477848191012,156182,5000.000126310628,5.0,71.4,slow: 10 ms segments
23.889552558651918,0.06294252953967946,0.014855456753343408,0.06467183792195702,13.279715619078505,0.05256218624087408,0.07289419693866296,-2.341496903577739,15.629210164899206,156312,5000.000126310628,5.0,71.4,slow: 10 ms segments
26.771002535571164,0.06211700707061234,0.004539646346338227,0.06228266979152648,4.179869522930088,0.05337359768206305,0.07369389832451942,-2.88381128270619,16.46096158752782,156427,5000.000126310628,5.0,71.4,slow: 10 ms segments
30.0,0.061015975150117585,0.012555173688243979,0.0622943144264526,11.627383039855546,0.05222201194039159,0.07418529613033911,0.32884932859558813,17.99681250747874,156531,5000.000126310628,5.0,71.4,slow: 10 ms segments
0.6864167170609846,0.05522777266581482,0.01680013342279679,0.05772652212502236,16.91961375798393,0.057666063676524805,0.059656761830683525,16.624619146805983,21.65351038612981,2459,5000.000126310628,71.4,87.80000000000001,fast: 2 ms segments
0.7628874449482269,0.06046370732278983,0.022179701046567253,0.0644034086188851,20.144384601247115,0.06365109603428214,0.06736942611473105,15.663216597565395,21.1870805072203,6225,5000.000126310628,71.4,87.80000000000001,fast: 2 ms segments
0.8478774470289109,0.0566692026930147,0.03226947973043498,0.06521286572398838,29.658740537345277,0.055020943561441764,0.0816679561568986,8.057608329669685,29.606245320473597,9612,5000.000126310628,71.4,87.80000000000001,fast: 2 ms segments
0.9423358189215597,0.04469556744170419,0.034878210721307146,0.05669376801779745,37.96671640796699,0.04099232588224157,0.06652612634834136,17.613524440364046,43.81825196646246,12660,5000.000126310628,71.4,87.80000000000001,fast: 2 ms segments
1.0473173908968092,0.04529238893023192,0.04204363825744745,0.061798608503189564,42.86967732764452,0.05627309815798125,0.07405276446481304,31.331429675077214,50.11692259807331,15403,5000.000126310628,71.4,87.80000000000001,fast: 2 ms segments
1.163994507319268,0.048216460241185075,0.03747402588614358,0.06106660015348112,37.8544943622809,0.05394592466423585,0.07184361180358864,30.805555607007346,49.14002311993946,17871,5000.000126310628,71.4,87.80000000000001,fast: 2 ms segments
1.293670118386223,0.035949211616965085,0.020061125754316896,0.04116788289931672,29.163298528263326,0.033066157312012914,0.0931698297269889,3.100307519024549,72.33058490861868,20090,5000.000126310628,71.4,87.80000000000001,fast: 2 ms segments
1.4377923303605273,0.012642640923369404,-0.0187226313736957,0.022591442961275167,-55.97042381466502,0.01683302210234521,0.08315800196004537,-116.92443894910018,158.69993906742437,22088,5000.000126310628,71.4,87.80000000000001,fast: 2 ms segments
1.59797057678222,0.026973750306460806,-0.02636701168730511,0.03772005449245505,-44.34830209272225,0.027762799325710408,0.08475152696146886,-101.71693305519028,138.79877960014466,23886,5000.000126310628,71.4,87.80000000000001,fast: 2 ms segments
1.775993591245133,0.07290376253496422,-0.013573256855579077,0.07415653641737846,-10.546602083751333,0.059992786096323025,0.14340277902237886,-37.8851239572474,85.26620811967042,25503,5000.000126310628,71.4,87.80000000000001,fast: 2 ms segments
1.9738493824430714,0.07212347450203706,0.10162348398908251,0.12461592222635637,54.6361947916529,0.06571964848301472,0.15089824715785208,-12.624731622795776,48.39145262155947,26959,5000.000126310628,71.4,87.80000000000001,fast: 2 ms segments
2.1937474345497994,0.07448117759942771,0.02626362507254152,0.07897609650108395,19.42371892179586,0.058332622619350925,0.16142007786366366,-13.422546106517151,38.71935560259466,28268,5000.000126310628,71.4,87.80000000000001,fast: 2 ms segments
2.4381433808476647,0.06371822327622415,-5.183534523764666e-06,0.06371822348706674,-0.004661062961994488,0.04530801924536586,0.14875635810286222,-15.219787751876236,36.40561908161628,29447,5000.000126310628,71.4,87.80000000000001,fast: 2 ms segments
2.7097664261388505,0.05974048531712864,0.0042696892191846645,0.05989286962531086,4.088013457478533,0.032223968414539665,0.14770606520582788,-15.045733590273727,29.92195626009498,30505,5000.000126310628,71.4,87.80000000000001,fast: 2 ms segments
3.0116498241692615,0.062417159651550314,0.014494107219452735,0.06407792882932557,13.073158506338304,0.04563070382951041,0.1457040908647787,-29.894621002414333,24.62227776471921,31459,5000.000126310628,71.4,87.80000000000001,fast: 2 ms segments
3.3471647504108475,0.0691204073588751,0.021554205366349014,0.07240313862279442,17.31933879341057,0.05559896019141234,0.1004350921786596,-21.43391587483324,28.246885205065205,32318,5000.000126310628,71.4,87.80000000000001,fast: 2 ms segments
3.7200579484646132,0.0711731800973685,0.003134584391079635,0.07124217279447091,2.5217711284163786,0.05607711225098508,0.09855017876229324,-30.279680970901392,24.119639631845494,33090,5000.000126310628,71.4,87.80000000000001,fast: 2 ms segments
4.134493570487112,0.06762047865161146,-0.01533849566208058,0.06933829088064333,-12.780258073956936,0.045001777839213754,0.11310117767526133,-66.52861187799834,13.834795708441835,33785,5000.000126310628,71.4,87.80000000000001,fast: 2 ms segments
4.59509967887853,0.06033815086717382,-0.012149535979713334,0.06154919718885192,-11.384697481869713,0.03169389402329376,0.09984130985687993,-46.24913939670547,32.841416965620354,34409,5000.000126310628,71.4,87.80000000000001,fast: 2 ms segments
5.107019928523402,0.06394022169080703,-0.004884404760583391,0.06412651058442803,-4.368350727967877,0.034250751389741256,0.10139723852818715,-27.02028094385518,43.529478874964674,34973,5000.000126310628,71.4,87.80000000000001,fast: 2 ms segments
5.675971006727023,0.06992763625065934,0.018666401439546596,0.07237616219658814,14.945974754153834,0.05255231946862357,0.1012035063762384,-10.288380995774142,28.100210810318192,35478,5000.000126310628,71.4,87.80000000000001,fast: 2 ms segments
6.308306472287569,0.07219341139952776,0.01964394907454122,0.07481826905739422,15.221751485162915,0.06291665129893761,0.09292664248265448,2.7601665794387467,24.866707655701276,35934,5000.000126310628,71.4,87.80000000000001,fast: 2 ms segments
7.011087706604118,0.07262678355264235,0.012418696920812058,0.07368089116191082,9.70335227254373,0.06591617051550372,0.09380513769918328,0.9640628880835395,23.90933876965802,36342,5000.000126310628,71.4,87.80000000000001,fast: 2 ms segments
7.792162769141789,0.07170201755355454,0.02182955507309148,0.07495137621111021,16.932779954820035,0.06588412281452585,0.0895565093603087,-0.1735427593993937,24.446158032845926,36711,5000.000126310628,71.4,87.80000000000001,fast: 2 ms segments
8.660254037844387,0.07275155788766338,0.017587164597822662,0.07484716115974568,13.590112024229818,0.06105721693045575,0.09341958326175827,-1.9724884278814114,27.4588670502666,37044,5000.000126310628,71.4,87.80000000000001,fast: 2 ms segments
9.625055613187651,0.07419774399568137,0.019910668526230576,0.07682278265729574,15.021210826688273,0.053751944286367155,0.09564331159200734,-12.833879593193673,19.417612305482425,37341,5000.000126310628,71.4,87.80000000000001,fast: 2 ms segments
10.697341573598278,0.07665329579727242,0.012427535947504936,0.07765417829267572,9.209039516073263,0.0672978215409445,0.08745807317102795,0.36725675375511746,16.172242201691855,37610,5000.000126310628,71.4,87.80000000000001,fast: 2 ms segments
11.889086291142558,0.07652388425621305,0.015687946912110774,0.07811540526666617,11.585521877709915,0.07052366441727188,0.08577653829602987,1.5436511172414402,16.25921849725818,37853,5000.000126310628,71.4,87.80000000000001,fast: 2 ms segments
13.213598151067337,0.07371462102353141,0.0025976977561952067,0.07376037815979118,2.018263818490093,0.0679691674787425,0.0873562751224794,-1.8213644263016526,21.250626626413254,38069,5000.000126310628,71.4,87.80000000000001,fast: 2 ms segments
14.685668168458633,0.07033220835379539,0.03432771926354223,0.07826245486667444,26.01606139727163,0.059992269028387696,0.08209163904972536,-4.5252781341391275,23.681717376467624,38265,5000.000126310628,71.4,87.80000000000001,fast: 2 ms segments
16.32173516164167,0.06639705486628729,0.03090547817261152,0.07323740489664098,24.96031055946587,0.05236804707183195,0.08206730980535076,2.671262142849916,24.797378982785222,38441,5000.000126310628,71.4,87.80000000000001,fast: 2 ms segments
18.140069326837484,0.06479426706022245,0.025795265758519287,0.06974018052331142,21.708011424644447,0.05928591265071647,0.07837647847380252,10.373285931691285,28.226631376081695,38600,5000.000126310628,71.4,87.80000000000001,fast: 2 ms segments
20.16097626408075,0.06498027642073667,0.01708985983575139,0.06719002629052154,14.735140605845025,0.059855424451704414,0.07854484523111444,11.029709650456637,27.27114486539204,38742,5000.000126310628,71.4,87.80000000000001,fast: 2 ms segments
22.407023732785827,0.06328688042970926,0.022596960232281492,0.06720008814178467,19.64941022923691,0.055868450364097405,0.08117146348192858,6.033786294928278,29.228929604429283,38870,5000.000126310628,71.4,87.80000000000001,fast: 2 ms segments
24.903293669172896,0.06031696683261977,0.026997335988892906,0.06608322509067278,24.112863306035155,0.044543965230339544,0.0779325609465339,3.0143625443162914,36.377407010953746,38985,5000.000126310628,71.4,87.80000000000001,fast: 2 ms segments
27.677662279869498,0.05746512019229935,0.02436245236293275,0.06241609667266592,22.974613114096936,0.04066140211071407,0.07637168633333412,6.715499991923997,33.91720906351234,39089,5000.000126310628,71.4,87.80000000000001,fast: 2 ms segments
30.761111339532828,0.05528399370395078,0.032814904002046695,0.06428948502299586,30.692084482272094,0.044281355001432696,0.07813746321446946,6.590076008785769,38.114654275229974,39183,5000.000126310628,71.4,87.80000000000001,fast: 2 ms segments
34.18807416879852,0.050951859664089966,0.01923169958467782,0.05446053866924578,20.678935586207544,0.04122183797641182,0.075142303685385,3.4802198023982447,43.15469089325054,39267,5000.000126310628,71.4,87.80000000000001,fast: 2 ms segments
37.99682015614133,0.04826976920577664,0.02678922885383971,0.05520537475429672,29.029827248533408,0.0365402800880369,0.0641241210917518,3.7902003521828767,41.71322368390643,39343,5000.000126310628,71.4,87.80000000000001,fast: 2 ms segments
42.229882117659116,0.04655656535649957,0.014794223448007324,0.048850617449768076,17.628632454239536,0.03486791214562826,0.06426280079430877,5.967519620035057,35.293960889439425,39410,5000.000126310628,71.4,87.80000000000001,fast: 2 ms segments
46.934531267168275,0.046768909863794894,0.01859433208889041,0.05032971404329366,21.681724928669727,0.03387252328900419,0.06799396617317513,0.4314855760438866,35.40213122884183,39471,5000.000126310628,71.4,87.80000000000001,fast: 2 ms segments
52.16330510067036,0.04663956363805426,0.05153143929396635,0.06950351165269171,47.852697639461304,0.03390737018329111,0.07098812632983063,-7.799058823696612,35.54232283978286,39527,5000.000126310628,71.4,87.80000000000001,fast: 2 ms segments
57.97459409015189,0.04645370475218025,-0.02422856397172462,0.052392461264333494,-27.544908168851887,0.032542054662631756,0.07620250455953442,-12.42902906322354,39.01621949029013,39575,5000.000126310628,71.4,87.80000000000001,fast: 2 ms segments
64.43329373841155,0.0481145950253018,0.0039267267162396025,0.04827456304465973,4.665680961588518,0.03355258800264243,0.07345603077007143,-16.71258364308642,32.16795884604295,39620,5000.000126310628,71.4,87.80000000000001,fast: 2 ms segments
71.61152927650534,0.052379374422682624,0.01185774766030652,0.05370479535839499,12.755728571218839,0.038248597388849205,0.0740547304102764,-10.657468422651958,27.769113480506793,39660,5000.000126310628,71.4,87.80000000000001,fast: 2 ms segments
79.58946109661048,0.05672915927527938,0.010031602833863276,0.05760929237107838,10.028131189204327,0.04221962647473138,0.07488486452723768,-5.645550498757096,23.505638188377507,39698,5000.000126310628,71.4,87.80000000000001,fast: 2 ms segments
88.45617991469315,0.05509479178368422,0.030982285991028223,0.06320868711591297,29.351011007268106,0.04064700939782988,0.072463471189482,-4.6152698563463534,23.422018825360883,39730,5000.000126310628,71.4,87.80000000000001,fast: 2 ms segments
98.3107016593908,0.053685467712562635,0.013811354271757373,0.05543359045142752,14.427299544698451,0.039398336861405654,0.0729245195602895,-4.002550898375145,29.41579929907481,39759,5000.000126310628,71.4,87.80000000000001,fast: 2 ms segments
109.26307319717655,0.05240510155675633,0.01949232390976205,0.055912837171592594,20.40292110052021,0.04212413582375249,0.07614086544061152,-3.894839322195873,34.74238354622867,39784,5000.000126310628,71.4,87.80000000000001,fast: 2 ms segments
121.43560124159887,0.05015944109526305,0.01855583283767713,0.0534816647393196,20.301298341119455,0.041187011737284986,0.07995176958349925,-4.111084055397666,35.543918243135806,39809,5000.000126310628,71.4,87.80000000000001,fast: 2 ms segments
134.96421817000177,0.046513760038090615,0.017725226117976847,0.04977663622438226,20.86058761028655,0.03587440499831599,0.07991647132608824,-6.276850962529134,43.43519945018551,39829,5000.000126310628,71.4,87.80000000000001,fast: 2 ms segments
150.0,0.0431433940598748,-0.0006247890046000041,0.043147917821210205,-0.8296813834763581,0.028426890484945056,0.07617715455967604,-11.134936213108046,49.78673442144685,39849,5000.000126310628,71.4,87.80000000000001,fast: 2 ms segments
