frequency_Hz,Re_Z_ohm,Im_Z_ohm,minus_Im_Z_ohm,abs_Z_ohm,phase_deg,abs_Z_p10_ohm,abs_Z_p90_ohm,phase_p10_deg,phase_p90_deg,coherence_median,coherence_p10,input_coefficient_median_A,input_coefficient_p10_A,n_local_estimates,coi_edge_s,w0_rad,wavelet_mode,sample_rate_Hz,start_s,end_s,band
1.0,0.0514660431131077,-0.002120911898559254,0.002120911898559254,0.05150972588746431,-2.3598196556443822,0.0366613957159303,0.1004760533973287,-39.605411962390924,32.537455885892435,0.8509393424162481,0.5897268669614273,0.0007079931474982784,0.0002759533552037182,266850,1.4319035084905445,6.283185307179586,compact,5000.000126310628,30.05039999872679,97.05039999872679,slow PRBS
1.0803660733321934,0.06565855729321869,-0.00348051059911176,0.00348051059911176,0.06575074220004981,-3.0343660137975648,0.05631689670455336,0.08513646602677687,-18.57393623802642,15.74509418898098,0.9763297348820252,0.9023076307173439,0.0016630755310285367,0.0009522370508693913,289571,1.325387332901058,6.283185307179586,compact,5000.000126310628,30.05039999872679,97.05039999872679,slow PRBS
1.1671908524072223,0.07002791728645723,-0.002521052293578137,0.002521052293578137,0.07007328238455689,-2.0617963173299776,0.06418827686044432,0.0803247525406558,-10.939637361848913,5.048142343832269,0.9959201616265156,0.9843178868491477,0.003543155050374564,0.0027092305931568353,290458,1.2267946630470732,6.283185307179586,compact,5000.000126310628,30.05039999872679,97.05039999872679,slow PRBS
1.2609933980444465,0.07109693377130406,-0.0024683387728085,0.0024683387728085,0.07113976868094629,-1.9883925506757862,0.06719205074763358,0.07845445435067179,-8.101171810210937,1.6160087466578816,0.9989245557050881,0.9956871170293202,0.005395169889904003,0.004541029184076898,291279,1.1355360866370483,6.283185307179586,compact,5000.000126310628,30.05039999872679,97.05039999872679,slow PRBS
1.3623344859430984,0.07171372856675587,-0.0034111306755132687,0.0034111306755132687,0.0717948095438087,-2.7232748410100642,0.06813112340886182,0.07797184746421637,-6.904202432618507,1.1785515607192212,0.9994607942302808,0.9980176895576636,0.006008219712034397,0.0053100701522067455,292039,1.05106603647289,6.283185307179586,compact,5000.000126310628,30.05039999872679,97.05039999872679,slow PRBS
1.4718199591433774,0.07166498917388628,-0.003180156659940034,0.003180156659940034,0.07173551470279556,-2.5408515030252232,0.06785336413518912,0.07780151950563928,-6.097748637745325,1.4567891222700133,0.9993489866265035,0.9979768966353418,0.005305279897951508,0.004695788890424801,292743,0.9728795289091848,6.283185307179586,compact,5000.000126310628,30.05039999872679,97.05039999872679,slow PRBS
1.59010434991168,0.07191839479806883,-0.0030754732454406335,0.0030754732454406335,0.07198412356911985,-2.4486689679623264,0.06630891786776899,0.0784537947157104,-7.1246386968492175,2.420616374597825,0.9983616001887358,0.9949613652902184,0.0039030309028844604,0.003353005837294112,293394,0.9005091449313232,6.283185307179586,compact,5000.000126310628,30.05039999872679,97.05039999872679,slow PRBS
1.717894792702522,0.07118131396190508,-0.0031456978367853184,0.0031456978367853184,0.0712507885726443,-2.5304114786283947,0.06382998764547992,0.08015539438672332,-9.352274087077504,5.1318840294341195,0.9944454614159264,0.9820756127333606,0.0024759900136903726,0.0020236307767712556,293997,0.8335222358046341,6.283185307179586,compact,5000.000126310628,30.05039999872679,97.05039999872679,slow PRBS
1.855955251589846,0.0694411805883498,-0.0020392873219267273,0.0020392873219267273,0.06947111813037977,-1.6821284391528026,0.0581138773178029,0.08568456169007185,-14.40342337582398,10.65311348631983,0.9788711204100436,0.9308185769938232,0.001433533645243006,0.0010051360047613755,294555,0.7715183365891765,6.283185307179586,compact,5000.000126310628,30.05039999872679,97.05039999872679,slow PRBS
2.005111087440385,0.06552196338205883,-0.0006992849346632865,0.0006992849346632865,0.06552569484453946,-0.6114675485289577,0.04615213153476796,0.09117968989812858,-26.706900026335823,22.130842755225604,0.9280687083163639,0.7965232196006437,0.0008572886269001998,0.0003981829850867928,291369,0.7141267720575193,6.283185307179586,compact,5000.000126310628,30.05039999872679,97.05039999872679,slow PRBS
2.166253992132813,0.06623451502640028,-0.0037906694447951395,0.0037906694447951395,0.06634289830586351,-3.2755233262121055,0.05260794690276245,0.08492503804667174,-19.080947937885856,10.1413779005676,0.9698932911869952,0.8975083896378966,0.001255933752379324,0.0007205604308733865,295549,0.661004440703071,6.283185307179586,compact,5000.000126310628,30.05039999872679,97.05039999872679,slow PRBS
2.340347319320716,0.06861456278513028,-0.0049900316439952935,0.0049900316439952935,0.06879577488481876,-4.159543964689164,0.06109533925064317,0.07855765506405357,-11.318337328368543,2.120054116464444,0.9952496576703995,0.9836183287813859,0.002585069052881868,0.0021075249713019776,295992,0.6118337635911892,6.283185307179586,compact,5000.000126310628,30.05039999872679,97.05039999872679,slow PRBS
2.528431843608047,0.0691126249292624,-0.0055689613680197855,0.0055689613680197855,0.06933662996808684,-4.606829626704893,0.0630593433727758,0.07640039942186773,-9.22261563309201,-0.11820025081000174,0.9987739250520339,0.9956124875029153,0.0038968934062928555,0.003350292179137907,296402,0.5663207857907819,6.283185307179586,compact,5000.000126310628,30.05039999872679,97.05039999872679,slow PRBS
2.731631982566904,0.06888901855806226,-0.005462704975034378,0.005462704975034378,0.06910526769745785,-4.533906549551607,0.0634100433730416,0.07655732551750954,-8.951944621141601,-0.5191460725123451,0.9991143455551499,0.9971663047659342,0.004372790073970493,0.003747011328313923,296782,0.5241934190362607,6.283185307179586,compact,5000.000126310628,30.05039999872679,97.05039999872679,slow PRBS
2.9511625187944412,0.0685460050394102,-0.0054770691556023975,0.0054770691556023975,0.06876447551896328,-4.568430194665817,0.06219112326458941,0.07724121480717296,-9.989650543722734,0.7156148236615695,0.9981355530124536,0.9948269410224344,0.003859789761380252,0.003225545119282464,297133,0.485199815114039,6.283185307179586,compact,5000.000126310628,30.05039999872679,97.05039999872679,slow PRBS
3.1883358621950957,0.06864831627224526,-0.0054635485774784135,0.0054635485774784135,0.0688653881864662,-4.550436866707555,0.05931386501893872,0.07906255119659102,-12.373577773686206,3.7760811010602677,0.9951286905199063,0.985796562097941,0.002857723947557027,0.0021926678883899316,297457,0.4491068602492562,6.283185307179586,compact,5000.000126310628,30.05039999872679,97.05039999872679,slow PRBS
3.444569895903929,0.06847093784756311,-0.00687181677740478,0.00687181677740478,0.06881490532978356,-5.731075520263537,0.05550620502939821,0.08169744911990554,-16.643480476592767,7.712897342656879,0.989220755995448,0.9507827428492162,0.0019718401928608036,0.0010067138630145518,297500,0.415698781491784,6.283185307179586,compact,5000.000126310628,30.05039999872679,97.05039999872679,slow PRBS
3.72139645275601,0.06640703626538352,-0.006913304991077406,0.006913304991077406,0.06676592133305448,-5.943368128878398,0.05283108874186272,0.08232379923771496,-19.393092141567767,5.604102602622884,0.9886767265777907,0.944313684883406,0.0017403964424200524,0.0006007632398245597,294885,0.38477585677013754,6.283185307179586,compact,5000.000126310628,30.05039999872679,97.05039999872679,slow PRBS
4.020470472976363,0.06733553019370364,-0.007327560964959949,0.007327560964959949,0.06773305526965677,-6.210580521111754,0.055972123793156095,0.07964657959915207,-17.647015344972107,4.420765095996805,0.9921528240438593,0.9728084459411381,0.0017676784365676683,0.0009676737718418933,297876,0.35615322090165813,6.283185307179586,compact,5000.000126310628,30.05039999872679,97.05039999872679,slow PRBS
4.3435798978375,0.06780328470545974,-0.008217704096938765,0.008217704096938765,0.06829945883734713,-6.910497700963638,0.05374137435298821,0.07975707536120191,-19.044668636732563,6.05715608644006,0.991966444032199,0.9601125624426917,0.0017311801460756062,0.0006660366911029445,298531,0.3296597604209914,6.283185307179586,compact,5000.000126310628,30.05039999872679,97.05039999872679,slow PRBS
4.69265635843135,0.06799735105604382,-0.008818330007642185,0.008818330007642185,0.06856677544381495,-7.389240700220213,0.05849547997890231,0.07772100161868303,-16.812386684626812,3.7190831157698083,0.9950034631578865,0.9629023242400564,0.002137510979954582,0.0008762462807378899,298434,0.3051370906198633,6.283185307179586,compact,5000.000126310628,30.05039999872679,97.05039999872679,slow PRBS
5.069786723455829,0.06817202356235308,-0.008549860783624796,0.008549860783624796,0.06870607626698959,-7.148482071284369,0.06359158050197083,0.07496172576450111,-14.031349309664815,2.179069889741476,0.9974892789845984,0.9893216377847851,0.0028360718763462468,0.001994450542688395,298956,0.2824386086826321,6.283185307179586,compact,5000.000126310628,30.05039999872679,97.05039999872679,slow PRBS
5.477225575051661,0.06832570674152257,-0.007977855065783608,0.007977855065783608,0.06878988568953427,-6.659821195210686,0.0626974793806874,0.07552356547697896,-14.805489142314602,2.530830711321049,0.9976057944888839,0.9921504674719872,0.003147733964160535,0.002404158347228764,299145,0.26142861725702043,6.283185307179586,compact,5000.000126310628,30.05039999872679,97.05039999872679,slow PRBS
5.917408687273228,0.06785703295688,-0.006706614919771833,0.006706614919771833,0.06818764994772297,-5.644467636370743,0.05921799652388106,0.07845045146684107,-17.112516368941687,4.098314223347989,0.9963429451948345,0.9849833663125616,0.002819950996188537,0.0019091109851361344,299322,0.24198151322050615,6.283185307179586,compact,5000.000126310628,30.05039999872679,97.05039999872679,slow PRBS
6.392967587771186,0.06679875912153901,-0.005355641767540933,0.005355641767540933,0.06701311154482845,-4.583927801933352,0.055204488407664856,0.08236865978487018,-19.75794514407835,6.407459931001358,0.9941121889112298,0.9648206593307995,0.0022519901414025994,0.0010737115635947557,299484,0.22398103679261053,6.283185307179586,compact,5000.000126310628,30.05039999872679,97.05039999872679,slow PRBS
6.906745289740341,0.06611927444201,-0.006821703656990734,0.006821703656990734,0.0664702496875229,-5.890518169970241,0.05171899275193661,0.08585171638440231,-23.911045267009932,7.692303824123213,0.987812860565236,0.9475548473417063,0.0017202362707282692,0.0007799090154754171,299633,0.207319576504084,6.283185307179586,compact,5000.000126310628,30.05039999872679,97.05039999872679,slow PRBS
7.461813288182395,0.06565771284780096,-0.008723220691115408,0.008723220691115408,0.06623465736025357,-7.567941372235192,0.050865584067605316,0.084219135067541,-21.482138742128072,8.490396419088647,0.9839728475882222,0.9398957967587748,0.001489821981703253,0.0006753527802465546,299772,0.19189752586791656,6.283185307179586,compact,5000.000126310628,30.05039999872679,97.05039999872679,slow PRBS
8.061489922091596,0.06431486287498514,-0.010102104153951661,0.010102104153951661,0.06510341077827972,-8.926662866131993,0.050543081469984354,0.08232296475189936,-21.472266330157996,5.3530359687855436,0.9868876601873123,0.9462002055921769,0.0014409561442343508,0.0007270341564684343,298907,0.17762268790618663,6.283185307179586,compact,5000.000126310628,30.05039999872679,97.05039999872679,slow PRBS
8.709360212337149,0.06358078774642534,-0.010924998045528307,0.010924998045528307,0.06451257360197923,-9.749842942272455,0.05030740734840343,0.08372128210453054,-22.150383589987015,3.148798751683881,0.9881335511862012,0.9433403612287381,0.001474850420780055,0.0005447218336147692,297683,0.16440972397285822,6.283185307179586,compact,5000.000126310628,30.05039999872679,97.05039999872679,slow PRBS
9.409297293838325,0.0651452561643468,-0.010802858445121126,0.010802858445121126,0.06603488586575804,-9.415520479928968,0.051921929469459595,0.08067225233088444,-21.170566129798885,2.26427804223294,0.990671236065328,0.9421841441729544,0.0018310969078977946,0.000669382772664883,298489,0.15217964357744612,6.283185307179586,compact,5000.000126310628,30.05039999872679,97.05039999872679,slow PRBS
10.165485570159344,0.06575365782615973,-0.010777365365128308,0.010777365365128308,0.06663103722540394,-9.308308543087573,0.05005452357714552,0.08093114041171186,-20.461755445540376,2.75857051735571,0.9930286671984107,0.9485221954522107,0.002420266010334416,0.0008296380654718771,300080,0.14085933215958513,6.283185307179586,compact,5000.000126310628,30.05039999872679,97.05039999872679,slow PRBS
10.982445728948123,0.06564536230335408,-0.011161728605562589,0.011161728605562589,0.06658751968201589,-9.649756324419513,0.050102425822112114,0.07879680592034438,-23.786879845772074,6.474192734215011,0.9945023445029801,0.9387575330719158,0.0024562525570328356,0.0009169716844262902,300094,0.13038111399141775,6.283185307179586,compact,5000.000126310628,30.05039999872679,97.05039999872679,slow PRBS
11.865061767767603,0.06523495280429077,-0.011075172080400686,0.011075172080400686,0.06616841016669912,-9.635436834198146,0.05101601855797683,0.07879876146433773,-26.71314708994791,16.299476043398347,0.9948377985704008,0.9173351475458292,0.002275032528583094,0.0008177956481212748,298781,0.1206823475947193,6.283185307179586,compact,5000.000126310628,30.05039999872679,97.05039999872679,slow PRBS
12.81861019188702,0.06499822122080227,-0.011235589642519007,0.011235589642519007,0.06596216518947381,-9.807230442431182,0.047542468673598626,0.08097636587403667,-26.108387684590905,17.555434066377245,0.9925595467036478,0.9058187255222193,0.0018673443334347884,0.0007535820148122177,296389,0.11170505125405915,6.283185307179586,compact,5000.000126310628,30.05039999872679,97.05039999872679,slow PRBS
13.848791558585013,0.06502607714526151,-0.011683404272552725,0.011683404272552725,0.06606733416974991,-10.185802687876151,0.04347493246235399,0.08796467059627326,-28.627103884440153,13.943795619289817,0.9868076970158314,0.8370604650109389,0.001486918313054445,0.0004837917544794349,294344,0.10339555638722084,6.283185307179586,compact,5000.000126310628,30.05039999872679,97.05039999872679,slow PRBS
14.961764556544518,0.0647584704344442,-0.014199090965346356,0.014199090965346356,0.0662968602367485,-12.3670963064582,0.04242926418281073,0.09315799121292051,-36.57754853744451,3.8529442884636067,0.9792792761159446,0.8340185449247626,0.0012857403260500139,0.00038184845886506775,289871,0.09570418670063932,6.283185307179586,compact,5000.000126310628,30.05039999872679,97.05039999872679,slow PRBS
16.164182824074786,0.06278899836556909,-0.01571111008553082,0.01571111008553082,0.06472478115738288,-14.048146738042902,0.041847595508375426,0.08968128519983956,-38.03998640112052,5.28223136254722,0.9723300908179305,0.8644239165398645,0.0010706780035603524,0.0004846910644070873,298906,0.0885849612117651,6.283185307179586,compact,5000.000126310628,30.05039999872679,97.05039999872679,slow PRBS
17.463234726269363,0.06091529531681364,-0.014779069344574527,0.014779069344574527,0.06268248634368583,-13.637410584689615,0.04264512568442968,0.08738594951676444,-38.64707770748959,4.915378652738978,0.9727926374598164,0.8775472539940293,0.0011013637216641795,0.0004904810365811627,300390,0.08199531936294595,6.283185307179586,compact,5000.000126310628,30.05039999872679,97.05039999872679,slow PRBS
18.86668632889803,0.062261329548887384,-0.015749176901619477,0.015749176901619477,0.06422234603526768,-14.19536290396235,0.04461070988405695,0.08319869531827093,-35.600290799820975,-1.4496090389288487,0.9817804763970308,0.9040009519784006,0.0012635732561322673,0.0004618350336906226,297864,0.07589586658348708,6.283185307179586,compact,5000.000126310628,30.05039999872679,97.05039999872679,slow PRBS
20.382927825941742,0.06155643916978304,-0.018802638445784007,0.018802638445784007,0.06436407706000355,-16.985482469536258,0.04962426462270775,0.07972925217569607,-34.93987594502751,-4.432889930043281,0.9889760222591124,0.9201488969664423,0.0013927926813741944,0.0005666902930269749,299990,0.07025013877879378,6.283185307179586,compact,5000.000126310628,30.05039999872679,97.05039999872679,slow PRBS
22.021023698326182,0.06083725302651091,-0.020241778894173133,0.020241778894173133,0.0641163081330507,-18.403322575695523,0.04736799269091651,0.07717939790889351,-36.345077994943196,-3.5831226587518326,0.9906823895469623,0.925383876064733,0.0014594563296179283,0.0005214387203353186,300778,0.06502438433865287,6.283185307179586,compact,5000.000126310628,30.05039999872679,97.05039999872679,slow PRBS
23.790766903715845,0.060369048601936315,-0.021281406720633143,0.021281406720633143,0.06401031402135095,-19.418666014007595,0.04520729564720774,0.07762582104284561,-37.858123362708646,-4.288039520872844,0.9917910250902664,0.9114054734903405,0.001344367996336646,0.00044386360974988965,296305,0.06018736236144189,6.283185307179586,compact,5000.000126310628,30.05039999872679,97.05039999872679,slow PRBS
25.70273742132899,0.05992168583169797,-0.0214568805446076,0.0214568805446076,0.06364751492099494,-19.70153470978963,0.04187438273416342,0.07859523842678168,-40.76115648994407,-5.407672280953628,0.9900074262194752,0.9015043934839613,0.0011687987545037505,0.00042151600878471133,295769,0.05571015588799905,6.283185307179586,compact,5000.000126310628,30.05039999872679,97.05039999872679,slow PRBS
27.76836550176963,0.05779013759806898,-0.02256452744705096,0.02256452744705096,0.06203916426349135,-21.32847620740728,0.04243293550912118,0.07975208800561974,-46.431921867200955,-6.361605986439836,0.9855714865471313,0.8617162987993903,0.0009820736488403928,0.0003906158863929896,296301,0.05156599902861736,6.283185307179586,compact,5000.000126310628,30.05039999872679,97.05039999872679,slow PRBS
30.0,0.056088292542685936,-0.022552593856725103,0.022552593856725103,0.060452593410211225,-21.90461221737178,0.04514822768451873,0.07924218428095618,-46.55971039695832,-8.506472873081316,0.9830412186759803,0.8784753887422351,0.0009272544307885898,0.0004254075331611454,297390,0.04773011694968482,6.283185307179586,compact,5000.000126310628,30.05039999872679,97.05039999872679,slow PRBS
30.0,0.04781516757067025,-0.01773587887860539,0.01773587887860539,0.05099854556169065,-20.351116298536187,0.03375380425044569,0.08229070596431132,-46.60120811412012,7.376185341258729,0.9633418744548767,0.8202934310925958,0.0011666238748246262,0.0004601701561975975,147586,0.04773011694968482,6.283185307179586,compact,5000.000126310628,97.05039999872679,130.5449967021559,fast PRBS
30.549883932520554,0.04737583683780633,-0.017816017393842826,0.017816017393842826,0.050615021405311655,-20.609124353688102,0.03392437152197376,0.08212236182459302,-47.29936890382604,7.197256929599514,0.9636170024684069,0.8238773517673473,0.0011716126585730757,0.00045704188194679835,147475,0.046870996683763946,6.283185307179586,compact,5000.000126310628,97.05039999872679,130.5449967021559,fast PRBS
31.109846943015935,0.04720178802696531,-0.01792073232555736,0.01792073232555736,0.05048922102812483,-20.789874243132807,0.03402901063442505,0.08177669867013841,-47.254506890324855,6.397119175682671,0.9655093982018546,0.8291953012248443,0.0011789748639917325,0.000452960047256324,147328,0.046027340189534506,6.283185307179586,compact,5000.000126310628,97.05039999872679,130.5449967021559,fast PRBS
31.68007377558721,0.04720111609532183,-0.01811096848804842,0.01811096848804842,0.05055642926690068,-20.991702511433004,0.03417076172309107,0.08164566548027573,-47.66051320064811,5.742043974325979,0.9663079902083875,0.824109453614339,0.0011825798452448732,0.00045558950618379513,147366,0.045198869126181616,6.283185307179586,compact,5000.000126310628,97.05039999872679,130.5449967021559,fast PRBS
32.26075256059592,0.04711817751627738,-0.018441454781115633,0.018441454781115633,0.05059851684485781,-21.374742272521335,0.034226301220809455,0.08170260194951544,-48.12104734269389,5.537452845656071,0.966257778050331,0.8215572107382823,0.001177231475963814,0.00045005529151472917,147116,0.04438531016289765,6.283185307179586,compact,5000.000126310628,97.05039999872679,130.5449967021559,fast PRBS
32.85207487673236,0.046884763580800425,-0.018719477927189986,0.018719477927189986,0.050483659830623445,-21.765131064480236,0.03402398096216375,0.08110139172016029,-49.322290415161234,5.172533681735143,0.967399321793077,0.8172493166040441,0.0011762956666015905,0.00044425013926862206,147346,0.04358639488870449,6.283185307179586,compact,5000.000126310628,97.05039999872679,130.5449967021559,fast PRBS
33.454235814221626,0.04675170784779416,-0.019194381463948702,0.019194381463948702,0.050538564151240736,-22.32109229112023,0.03399850068228064,0.0793255343806454,-50.31941706929243,4.879158540990548,0.9680490699862334,0.8184240597145345,0.0011746299796954454,0.0004386042682790642,147092,0.04280185972389878,6.283185307179586,compact,5000.000126310628,97.05039999872679,130.5449967021559,fast PRBS
34.0674340391881,0.046601691220585356,-0.01950007234239802,0.01950007234239802,0.050517031246675004,-22.706448148431477,0.03394273630769844,0.0778778106931633,-50.35079295565992,4.273863871169985,0.969293023948546,0.8226690791689739,0.0011699028767394627,0.0004462599046554278,146776,0.04203144583309128,6.283185307179586,compact,5000.000126310628,97.05039999872679,130.5449967021559,fast PRBS
34.69187185919988,0.04663555816640594,-0.019771915749877453,0.019771915749877453,0.050653765288599065,-22.975318992878563,0.03379152674757968,0.07653203071304351,-50.77480395037183,3.7146948276559435,0.9702523676164393,0.824376003884417,0.001165492249360143,0.0004477006310512664,147132,0.04127489903981127,6.283185307179586,compact,5000.000126310628,97.05039999872679,130.5449967021559,fast PRBS
35.327755290014416,0.046947811774504376,-0.020070456764673943,0.020070456764673943,0.051058008824835084,-23.146983580814556,0.03431816653416222,0.07550260388406375,-51.0553236731895,3.3161525244369487,0.9705893269480128,0.8315170358108018,0.0011579980791855912,0.00045422400979112747,147267,0.040531969742648215,6.283185307179586,compact,5000.000126310628,97.05039999872679,130.5449967021559,fast PRBS
35.97529412354767,0.04737012060321581,-0.020156392685665974,0.020156392685665974,0.051480175719027806,-23.050168829152266,0.03465076447897545,0.07442133040493439,-51.43578751965997,2.826287929567783,0.9712217653270827,0.8372415229221294,0.0011581592884617508,0.00046584834563559853,147358,0.03980241283290275,6.283185307179586,compact,5000.000126310628,97.05039999872679,130.5449967021559,fast PRBS
36.63470199708901,0.047575163450383214,-0.02025968827922763,0.02025968827922763,0.051709294585230534,-23.066531048147503,0.03493753654418999,0.07350355992330566,-51.667517594415706,2.609523334704548,0.9721203675607814,0.8452149585294475,0.0011658386645264163,0.0004706197926433097,147275,0.03908598761372,6.283185307179586,compact,5000.000126310628,97.05039999872679,130.5449967021559,fast PRBS
37.30619646378494,0.04776815984218927,-0.020334052398124008,0.020334052398124008,0.05191599735764108,-23.05858805095446,0.035439321128338225,0.0736100713561262,-51.971462559364255,2.7720101807828725,0.9722985812647481,0.8531154606410805,0.0011685955016299365,0.00046891553093963696,146989,0.03838245772067832,6.283185307179586,compact,5000.000126310628,97.05039999872679,130.5449967021559,fast PRBS
37.98999906441463,0.04795906337456903,-0.020418071453782213,0.020418071453782213,0.052124556608739464,-23.0613742534085,0.03581104180509395,0.07391357198398764,-52.4604102531578,2.6065449807649377,0.9719651630023829,0.8470541739337955,0.0011592965191359705,0.0004687558484300659,147044,0.03769159104380746,6.283185307179586,compact,5000.000126310628,97.05039999872679,130.5449967021559,fast PRBS
38.68633540048107,0.04795762149603094,-0.020549747200368458,0.020549747200368458,0.05217495155297818,-23.19503843129503,0.03569445521041022,0.07392982407484916,-53.05564455402853,2.306139740915015,0.9719321972077546,0.847952286175019,0.0011498857479816298,0.00046982104219027795,147042,0.037013159651010485,6.283185307179586,compact,5000.000126310628,97.05039999872679,130.5449967021559,fast PRBS
39.39543520864193,0.04788346220174012,-0.020743436418840657,0.020743436418840657,0.05218348500136762,-23.42258378608205,0.03567260218066194,0.07496936352238893,-53.24709930859204,2.095518904181153,0.9712549198965568,0.8440047879336516,0.0011386470521635695,0.00047611686135077516,146935,0.036346939712863915,6.283185307179586,compact,5000.000126310628,97.05039999872679,130.5449967021559,fast PRBS
40.117532436504824,0.047643690767208126,-0.02089726882503053,0.02089726882503053,0.052025158474212706,-23.683008772487486,0.035916070234228756,0.07588669787370358,-52.930891416479966,2.7887266292154824,0.9712001056035313,0.8459660865778367,0.00112065728684761,0.00046564209024815595,146465,0.03569271142877144,6.283185307179586,compact,5000.000126310628,97.05039999872679,130.5449967021559,fast PRBS
40.852865319811706,0.04713931108748117,-0.02097180903788435,0.02097180903788435,0.0515939087889628,-23.98380396489078,0.03556293148982896,0.07679456531382631,-53.07876736631325,2.931346718244316,0.970186719553007,0.8373673518050933,0.0011016885318537316,0.0004543642669161091,146052,0.035050258954446925,6.283185307179586,compact,5000.000126310628,97.05039999872679,130.5449967021559,fast PRBS
41.60167646103808,0.04643090572858995,-0.02090377324803145,0.02090377324803145,0.05091951239733469,-24.23786862589254,0.0347129092138218,0.07730508381264939,-53.85920001620037,3.221204384971605,0.9691822235060249,0.8237822936901996,0.0010897052898894014,0.00044172442706066797,145992,0.034419370330702644,6.283185307179586,compact,5000.000126310628,97.05039999872679,130.5449967021559,fast PRBS
42.36421290943287,0.04570465166590633,-0.0209310428629523,0.0209310428629523,0.05026951103037089,-24.606030950124484,0.03415776292306115,0.07771846640549437,-53.766583121703825,3.5213385035471867,0.9671892718423464,0.8102463682278831,0.0010726784657390338,0.00042867243375825767,145815,0.03379983741351925,6.283185307179586,compact,5000.000126310628,97.05039999872679,130.5449967021559,fast PRBS
43.14072624252544,0.04520961214890866,-0.020933670179706113,0.020933670179706113,0.0498209552080996,-24.845826974610773,0.033918456899406875,0.07759201070460688,-53.433644425523,3.975851709184324,0.965505769517824,0.7997900009691798,0.001056505082492804,0.00042294047255351787,145878,0.03319145580537453,6.283185307179586,compact,5000.000126310628,97.05039999872679,130.5449967021559,fast PRBS
43.93147264912653,0.04459844446756875,-0.0209458508001429,0.0209458508001429,0.04927220225105288,-25.15729852478397,0.03334219640000653,0.07713248551273774,-53.56003177400399,3.8072452848449796,0.964252464174891,0.7916379613633646,0.0010471452545266502,0.00041200077123665374,145893,0.03259402478780812,6.283185307179586,compact,5000.000126310628,97.05039999872679,130.5449967021559,fast PRBS
44.73671301385059,0.044152896296398375,-0.021008100520640987,0.021008100520640987,0.04889599716588123,-25.445266407263876,0.03277875102308337,0.07649843085735206,-54.59279992239507,3.761812665498863,0.9627785582069734,0.7947639367055918,0.0010420744776694587,0.0004099937309400343,145983,0.03200734725520008,6.283185307179586,compact,5000.000126310628,97.05039999872679,130.5449967021559,fast PRBS
45.55671300318725,0.043898191487995765,-0.021003580942076598,0.021003580942076598,0.04866417191638123,-25.569305379415926,0.03278514548324137,0.07633806372384659,-54.84061392280552,4.046860805110699,0.9618488159759175,0.7969701852942132,0.001034492458822255,0.00041281924544104404,146325,0.03143122964974153,6.283185307179586,compact,5000.000126310628,97.05039999872679,130.5449967021559,fast PRBS
46.39174315315068,0.043572587936011924,-0.020879008502895417,0.020879008502895417,0.048316699137104464,-25.602697427470375,0.03233211553027407,0.07624962019706324,-54.78637780456042,3.9123892860305216,0.9616215619595672,0.7999445580889516,0.001029753800348187,0.0004202412383693961,146099,0.030865481897575507,6.283185307179586,compact,5000.000126310628,97.05039999872679,130.5449967021559,fast PRBS
47.24207895853529,0.043215582970245546,-0.02085599486528307,0.02085599486528307,0.04798498862434887,-25.762122788222598,0.032094369841289064,0.07643650315799234,-54.17635350245481,3.318116335558637,0.9616495029606209,0.8062141247893273,0.0010256830864928705,0.0004307584105876927,146221,0.030309917346087508,6.283185307179586,compact,5000.000126310628,97.05039999872679,130.5449967021559,fast PRBS
48.10800096380751,0.042883277921496564,-0.02112895490177401,0.02112895490177401,0.04780594377829513,-26.22985894328603,0.03164392969940025,0.0758691937533505,-53.77060809463327,2.7211784558272654,0.9616124753334098,0.8127058912456948,0.0010217934426258028,0.00043761214130776327,146391,0.02976435270232472,6.283185307179586,compact,5000.000126310628,97.05039999872679,130.5449967021559,fast PRBS
48.989794855663554,0.04264639990059217,-0.021196548077156804,0.021196548077156804,0.04762361887623039,-26.42876328994749,0.03147513585281019,0.07536102811381636,-54.24652419261332,2.6083740444183645,0.9616190734442898,0.8157678425489975,0.001021042127313526,0.000438768384654529,146675,0.029228607972523628,6.283185307179586,compact,5000.000126310628,97.05039999872679,130.5449967021559,fast PRBS
49.88775155728381,0.04240944442413006,-0.021256376629059572,0.021256376629059572,0.04743832336581687,-26.62085267119518,0.031227851787013726,0.07478109943357873,-54.43922490479906,1.784262796693334,0.9632621680284491,0.8180528467650394,0.0010075052864422555,0.00043490697165638343,146701,0.028702506402726036,6.283185307179586,compact,5000.000126310628,97.05039999872679,130.5449967021559,fast PRBS
50.802167324314766,0.042206183826254066,-0.02123746486575444,0.02123746486575444,0.04724819432634124,-26.71079653752073,0.03123818184827697,0.07434260057950756,-54.587433950970066,1.324980965989316,0.9652887469410366,0.8197106785039557,0.0010008509276661264,0.00042451002443204516,146567,0.028185874420464174,6.283185307179586,compact,5000.000126310628,97.05039999872679,130.5449967021559,fast PRBS
51.733343842610154,0.042130880283741845,-0.021134014571191382,0.021134014571191382,0.047134463456989906,-26.639608684904456,0.031373885773586116,0.07376954040972103,-55.03994943109307,1.1012233126440416,0.9666257099647859,0.8180677554653112,0.000997417642953209,0.00041564022891365154,146611,0.02767854157749528,6.283185307179586,compact,5000.000126310628,97.05039999872679,130.5449967021559,fast PRBS
52.681588327763905,0.042075846694808336,-0.020998647111661786,0.020998647111661786,0.04702467496543825,-26.522248422206403,0.03140216944411266,0.07323313211638667,-55.289737718280506,0.9815573541386214,0.9676280396997712,0.8154741789140925,0.0009893119625517274,0.0004090247059351499,146936,0.027180340493566938,6.283185307179586,compact,5000.000126310628,97.05039999872679,130.5449967021559,fast PRBS
53.647213626467234,0.04209936872428529,-0.020804184259207846,0.020804184259207846,0.0469592475416121,-26.29713449400717,0.03138869548353392,0.07276679962425314,-55.98644692076099,1.1072035903574133,0.9677001405574137,0.8119029917744492,0.0009768262433834246,0.00040177608086318557,147222,0.026691106801194697,6.283185307179586,compact,5000.000126310628,97.05039999872679,130.5449967021559,fast PRBS
54.63053831972365,0.04235541932212555,-0.020623826257745698,0.020623826257745698,0.04710969916548786,-25.962514272591854,0.03179828944996208,0.07261619096363876,-56.13466127160037,0.8583101369717232,0.9680497658876579,0.8102082667545553,0.0009594173649728771,0.00039849398910603507,146763,0.026210679091433636,6.283185307179586,compact,5000.000126310628,97.05039999872679,130.5449967021559,fast PRBS
55.63188682795583,0.04255707961654834,-0.020508653898329413,0.020508653898329413,0.04724097702430271,-25.72985113615873,0.0319451591479902,0.07203500539986538,-55.714505473383326,0.8307084661683178,0.9685454965718651,0.8115849156155512,0.0009444971752082573,0.0003965907266697809,146321,0.025738898860625962,6.283185307179586,compact,5000.000126310628,97.05039999872679,130.5449967021559,fast PRBS
56.651589518038996,0.04265642351919391,-0.020401587003270924,0.020401587003270924,0.04728419629961868,-25.560718128403543,0.032169352963170444,0.07157860121658123,-55.622400183513605,0.8660419752327896,0.9680728565458765,0.8106790252084739,0.0009271718143394425,0.00039550340183774777,146421,0.025275610458107233,6.283185307179586,compact,5000.000126310628,97.05039999872679,130.5449967021559,fast PRBS
57.68998281229632,0.04267608249385691,-0.02048656982043171,0.02048656982043171,0.04733864763625915,-25.6432429212579,0.03223054092495317,0.07163435796879548,-55.558062713175666,1.0399533927977906,0.9672085131298337,0.8090364695761666,0.000910623806247604,0.0003853826829808042,146575,0.024820661034853725,6.283185307179586,compact,5000.000126310628,97.05039999872679,130.5449967021559,fast PRBS
58.74740929949198,0.04252554770821517,-0.020554856996910155,0.020554856996910155,0.047232661941151596,-25.79694639967599,0.03254077803312272,0.07185742865638736,-55.69581908919774,1.0219654275590169,0.9672431876814241,0.8108754915223552,0.0009027651976794745,0.0003682768484024836,146579,0.024373900493054206,6.283185307179586,compact,5000.000126310628,97.05039999872679,130.5449967021559,fast PRBS
59.82421784785863,0.042319044547909135,-0.020688419724589995,0.020688419724589995,0.04710533135589561,-26.052521745816374,0.03250797191880833,0.07254499148128271,-56.2223695962156,1.4929267821573973,0.9662322180664582,0.8077563844546974,0.0008912449197289571,0.00035984737032087374,146810,0.023935181436589376,6.283185307179586,compact,5000.000126310628,97.05039999872679,130.5449967021559,fast PRBS
60.92076372019686,0.04218049269497316,-0.021035657044000074,0.021035657044000074,0.04713483670559891,-26.505699465194887,0.03247992093301338,0.07371591330299619,-56.21182322263698,2.2765349680159317,0.9658408008980599,0.8062886903748385,0.0008811691708960972,0.00035339021432111584,146929,0.023504359122402632,6.283185307179586,compact,5000.000126310628,97.05039999872679,130.5449967021559,fast PRBS
62.03740869108412,0.0421583514722654,-0.02125818024099388,0.02125818024099388,0.047214794567144364,-26.759342906712188,0.03240519558586347,0.07495039448539184,-55.33039067136288,3.0640149330120683,0.9651438449043916,0.8108607192058344,0.0008677027560316,0.0003473549612758206,147016,0.02308129141274617,6.283185307179586,compact,5000.000126310628,97.05039999872679,130.5449967021559,fast PRBS
63.17452116623206,0.04195602462577615,-0.021489219687142295,0.021489219687142295,0.047139098052052276,-27.12081500562328,0.03239637355570049,0.07573069992212257,-54.9034577270717,3.44772323212058,0.9650908684509663,0.8168792894497063,0.0008589586639298971,0.0003454663066739983,147480,0.022665838728286605,6.283185307179586,compact,5000.000126310628,97.05039999872679,130.5449967021559,fast PRBS
64.33247630403179,0.04171395236861182,-0.021641722924482045,0.021641722924482045,0.04699380803202553,-27.420851914580048,0.03230109349582082,0.07653056018852053,-54.42692959774695,3.529838926347234,0.9650689230678993,0.8164382080208779,0.0008493787900724237,0.00033356695587615377,147266,0.022257864002054675,6.283185307179586,compact,5000.000126310628,97.05039999872679,130.5449967021559,fast PRBS
65.51165613932667,0.04150013809981567,-0.0217058399296945,0.0217058399296945,0.04683380135497536,-27.61094146470608,0.0322245578273454,0.07698074817355355,-53.93647325586937,3.4314583240733265,0.9652041015943453,0.8154458201208418,0.0008370676487103573,0.00032838753705000524,147067,0.021857232634223882,6.283185307179586,compact,5000.000126310628,97.05039999872679,130.5449967021559,fast PRBS
66.71244970945426,0.041520130190296545,-0.02172860517184483,0.02172860517184483,0.046862068816187534,-27.624276860249292,0.032422644888304715,0.07725913407953036,-53.82071552095094,3.147474976521758,0.9662190441650633,0.8188207930652238,0.0008227813783984498,0.0003267103632998013,146772,0.021463812447703,6.283185307179586,compact,5000.000126310628,97.05039999872679,130.5449967021559,fast PRBS
67.93525318259812,0.0416605587790056,-0.021732955015654778,0.021732955015654778,0.04698854638623603,-27.54958060956798,0.03261906117453056,0.07701279524517969,-53.769772153517415,2.8545789027293718,0.9670563530868006,0.8244093444079738,0.0008093546902658325,0.00032134606908805155,146513,0.021077473644527937,6.283185307179586,compact,5000.000126310628,97.05039999872679,130.5449967021559,fast PRBS
69.18046998849235,0.0418042062958428,-0.021710905163753146,0.021710905163753146,0.04710578591908711,-27.44499038530182,0.032564759074270686,0.07640953478991672,-53.18705947081302,2.1671362939755237,0.9680772532410524,0.8332212552021689,0.0007982528817861433,0.0003228208738583451,146406,0.02069808876303863,6.283185307179586,compact,5000.000126310628,97.05039999872679,130.5449967021559,fast PRBS
70.4485109515221,0.04200976081679421,-0.021509762088705225,0.021509762088705225,0.0471962908393971,-27.11327259238155,0.03253898707213147,0.0759688839493137,-53.01997076688888,1.4007067444385466,0.9675562069463661,0.8342345627662497,0.0007881420670023607,0.0003237207421004325,146578,0.020325532635826524,6.283185307179586,compact,5000.000126310628,97.05039999872679,130.5449967021559,fast PRBS
71.73979442626349,0.042235363774953266,-0.021024403507202825,0.021024403507202825,0.0471789306368459,-26.463729876561455,0.0326010672421015,0.07548659816988228,-52.73231629906903,0.8072215597055746,0.9674219896208303,0.8279725305864973,0.0007811931903510794,0.00033001444226967173,146869,0.01995968234843915,6.283185307179586,compact,5000.000126310628,97.05039999872679,130.5449967021559,fast PRBS
73.05474643550782,0.042474358390793554,-0.020578983409775896,0.020578983409775896,0.04719709396657178,-25.85035949685334,0.03247438070394571,0.0748733231561605,-52.35452890998046,-0.022809515814490228,0.9676059681971712,0.8263320066208583,0.0007724779934552353,0.00032960813219688967,147472,0.01960041719882798,6.283185307179586,compact,5000.000126310628,97.05039999872679,130.5449967021559,fast PRBS
74.39380081081613,0.04275896667749065,-0.020200169454290626,0.020200169454290626,0.0472903380967911,-25.286963532980835,0.03249774878029776,0.07482322224373476,-52.207901222448776,-0.8692314401373301,0.9683391964634875,0.830637761285858,0.0007663515250240144,0.0003312148246610164,147878,0.019247618657526097,6.283185307179586,compact,5000.000126310628,97.05039999872679,130.5449967021559,fast PRBS
75.75739933564955,0.04313576573828649,-0.019853960009809612,0.019853960009809612,0.047485513726814095,-24.715044814979574,0.0326218440063851,0.07488874456791463,-51.88751398444838,-1.534626933577496,0.9686254320141258,0.8331140175965386,0.0007584540697775299,0.0003271638583377641,148169,0.018901170328542764,6.283185307179586,compact,5000.000126310628,97.05039999872679,130.5449967021559,fast PRBS
77.14599189112346,0.04345111475236746,-0.019696595224497362,0.019696595224497362,0.04770697262100266,-24.3850109476938,0.032902680690469296,0.0751802806172621,-51.45010670874309,-2.0586984628821514,0.9687993642912791,0.8381448039975342,0.0007492885911852937,0.00031234597979977534,148108,0.018560957910961823,6.283185307179586,compact,5000.000126310628,97.05039999872679,130.5449967021559,fast PRBS
78.56003660443317,0.043601097960632725,-0.019722157205064126,0.019722157205064126,0.04785414536060543,-24.338745641035377,0.03305944449504391,0.07511876457283102,-51.06287734386656,-2.0150893987285654,0.9693662241553214,0.8391060993634226,0.0007413802185289568,0.00030005949426664105,148304,0.018226869161231295,6.283185307179586,compact,5000.000126310628,97.05039999872679,130.5449967021559,fast PRBS
80.0,0.04370413369760776,-0.020009563221557218,0.020009563221557218,0.04806697330367151,-24.600269399625958,0.033108269879796544,0.07493330579315685,-50.628459277845,-2.0231868324701217,0.9703525249680578,0.8403123412621186,0.0007372274367824512,0.00028821772992954173,148533,0.017898793856131807,6.283185307179586,compact,5000.000126310628,97.05039999872679,130.5449967021559,fast PRBS
