frequency_Hz,Re_Z_ohm,Im_Z_ohm,minus_Im_Z_ohm,abs_Z_ohm,phase_deg,abs_Z_p10_ohm,abs_Z_p90_ohm,phase_p10_deg,phase_p90_deg,coherence_median,coherence_p10,input_coefficient_median_A,input_coefficient_p10_A,n_local_estimates,coi_edge_s,w0_rad,wavelet_mode,sample_rate_Hz,start_s,end_s,band,geis_Re_Z_ohm,geis_Im_Z_ohm,geis_abs_Z_ohm,geis_phase_deg,Re_residual_ohm,Im_residual_ohm,phase_residual_deg
2.005111087440385,0.06789658294331571,-0.0005668669564801788,0.0005668669564801788,0.06789894928144985,-0.4783499863980256,0.05341819772254348,0.08517280998624291,-13.346083703780945,12.081202089937575,0.9758035622941403,0.913297727982585,0.00041601026937246023,0.00019284209815893303,295062,0.7141267720575193,6.283185307179586,compact,5000.000126310628,30.0,97.0,slow PRBS,0.06927978056546573,-0.0030751656724375335,0.06934811954078207,-2.5413176294863455,-0.0013831976221500147,0.002508298715957355,2.06296764308832
2.166253992132813,0.06877352902093455,-0.0007185485610596859,0.0007185485610596859,0.06877728263044366,-0.5986067976338205,0.058095172099044357,0.07982593609071523,-11.777209989266971,7.788631041776836,0.9895863214366944,0.9565325898658052,0.000600883801865862,0.00038524155625721746,295539,0.661004440703071,6.283185307179586,compact,5000.000126310628,30.0,97.0,slow PRBS,0.068811736175772,-0.0026290594598042663,0.06886463812343999,-2.182932314299485,-3.820715483746073e-05,0.0019105108987445803,1.5843255166656647
2.340347319320716,0.06940899362447339,-0.002005084949745659,0.002005084949745659,0.06943794900209743,-1.654698591885433,0.06346618413249877,0.07488774278813483,-6.890125625877518,2.800510015409266,0.9982106635126439,0.993537153576448,0.0012827466282639539,0.001062169322143631,295982,0.6118337635911892,6.283185307179586,compact,5000.000126310628,30.0,97.0,slow PRBS,0.0683436917860783,-0.0021829532471709973,0.0683811567060979,-1.8245469991126235,0.001065301838395094,0.00017786829742533813,0.16984840722719063
2.528431843608047,0.0695246012314919,-0.0024785598893970764,0.0024785598893970764,0.069568767672881,-2.041736338006194,0.06558231123112158,0.07374235291029947,-4.930703966191247,0.8435761831014846,0.9994885545454077,0.9983429974297204,0.0019425397407213884,0.001680988046263716,296392,0.5663207857907819,6.283185307179586,compact,5000.000126310628,30.0,97.0,slow PRBS,0.06788862544526789,-0.0017577490591458669,0.06791137849306855,-1.4831537936055468,0.0016359757862240143,-0.0007208108302512095,-0.5585825444006471
2.731631982566904,0.06964918996179646,-0.0024619203029873195,0.0024619203029873195,0.06969268766457978,-2.024416065600168,0.06644806506995843,0.07372290901535677,-3.966069456984457,-0.013039999839740456,0.9997543489800937,0.9992590706378258,0.00217260765476395,0.0019155556145242928,296772,0.5241934190362607,6.283185307179586,compact,5000.000126310628,30.0,97.0,slow PRBS,0.06769932612833492,-0.0017605806200275652,0.06772221717865971,-1.4897283342211085,0.001949863833461546,-0.0007013396829597543,-0.5346877313790594
2.9511625187944412,0.06975285187734688,-0.002505933753584275,0.002505933753584275,0.0697978513207996,-2.0575173706315626,0.06622128975602405,0.07399666611013156,-4.198135632067053,-0.1462175775870023,0.9996854060670907,0.9989270141957809,0.0019149802084038074,0.0016716260509746675,297123,0.485199815114039,6.283185307179586,compact,5000.000126310628,30.0,97.0,slow PRBS,0.06751002681140195,-0.0017634121809092637,0.06753305586425089,-1.4963028748366702,0.002242825065944934,-0.0007425215726750113,-0.5612144957948924
3.1883358621950957,0.0696331007283297,-0.0023537028260197873,0.0023537028260197873,0.0696728687082348,-1.9359458641764473,0.06548510827336591,0.07418223689672086,-5.0726083814449145,0.8607881333284302,0.9991724874218576,0.9971510442219074,0.0014167080037743866,0.0011396234610583098,297447,0.4491068602492562,6.283185307179586,compact,5000.000126310628,30.0,97.0,slow PRBS,0.06734607358924545,-0.0017984164365607382,0.06737037001114006,-1.529489545553895,0.002287027139084255,-0.0005552863894590491,-0.40645631862255227
3.444569895903929,0.0692497896321814,-0.002602643989578257,0.002602643989578257,0.06929868050574892,-2.152358365744218,0.06406612593764126,0.07527126708020321,-7.32666731029988,3.01637090147953,0.9973710452753892,0.9907941579131051,0.0009865426024203326,0.0004736205868204817,297748,0.415698781491784,6.283185307179586,compact,5000.000126310628,30.0,97.0,slow PRBS,0.06748518148032627,-0.0022181068846516823,0.06752424901132123,-1.880875206898714,0.0017646081518551265,-0.0003845371049265747,-0.271483158845504
3.72139645275601,0.06825632300917804,-0.002795158019935098,0.002795158019935098,0.06831353115664315,-2.345003620367924,0.06122867228815265,0.07572268137844299,-8.912373910338173,3.706836726995148,0.9974358707755345,0.9884068141094747,0.0008676265147336583,0.0003108626081366618,298027,0.38477585677013754,6.283185307179586,compact,5000.000126310628,30.0,97.0,slow PRBS,0.06762428937140709,-0.002637797332742625,0.0676781280115024,-2.2322608682435323,0.0006320336377709512,-0.00015736068719247312,-0.11274275212439155
4.020470472976363,0.06805463798015733,-0.00323580752479119,0.00323580752479119,0.06813152134620044,-2.7222037631796745,0.06235932481504701,0.07441889461913401,-8.292298143574191,3.427694960950214,0.998468841876877,0.9942988990000221,0.0008823125595076219,0.000512430817183734,298284,0.35615322090165813,6.283185307179586,compact,5000.000126310628,30.0,97.0,slow PRBS,0.06778012528506767,-0.003026070437883615,0.06784764335035609,-2.55625904544095,0.00027451269508965703,-0.0002097370869075751,-0.16594471773872455
4.3435798978375,0.06798492069138294,-0.0036109964035109625,0.0036109964035109625,0.06808075158545032,-3.040389230838633,0.06072195521501842,0.07559868011324809,-9.052928482674037,3.3282030235706688,0.9979997279637332,0.9894857610329911,0.0008604128791424905,0.00033884013923214445,298522,0.3296597604209914,6.283185307179586,compact,5000.000126310628,30.0,97.0,slow PRBS,0.06811588365658756,-0.003076426402130902,0.06818533926599131,-2.5856842425456987,-0.00013096296520462292,-0.0005345700013800604,-0.45470498829293415
4.69265635843135,0.06746203864630755,-0.003643758346789898,0.003643758346789898,0.06756037028617957,-3.0916544655662954,0.0620351278627528,0.07468221280820277,-7.8423225658962705,1.675783564495383,0.9985015395030792,0.9897967096180935,0.0010558442118162098,0.000427799087382678,298743,0.3051370906198633,6.283185307179586,compact,5000.000126310628,30.0,97.0,slow PRBS,0.06845164202810745,-0.003126782366378189,0.06852303518162653,-2.615109439650447,-0.0009896033817999028,-0.0005169759804117091,-0.47654502591584835
5.069786723455829,0.06741927471540807,-0.0038782420520458265,0.0038782420520458265,0.0675307290392005,-3.29226754431663,0.06464552733829385,0.07235847609019894,-6.643429488723945,0.8870881763809265,0.9994325563343137,0.9969691375325804,0.0014066389263872401,0.0009839541512976855,298946,0.2824386086826321,6.283185307179586,compact,5000.000126310628,30.0,97.0,slow PRBS,0.06873654942673518,-0.003180592450039783,0.06881011449093966,-2.6493553786874346,-0.0013172747113271155,-0.0006976496020060434,-0.6429121656291952
5.477225575051661,0.067683296137348,-0.003914295192405295,0.003914295192405295,0.06779638842054371,-3.3098722081021297,0.06534966212978006,0.0718671010286881,-6.377490788448508,0.2925297271843875,0.9996633600089768,0.9981541467130126,0.0015479407624057154,0.00123737406662921,299135,0.26142861725702043,6.283185307179586,compact,5000.000126310628,30.0,97.0,slow PRBS,0.06860469430011545,-0.0032627116780055672,0.06868235208788309,-2.723110976379461,-0.0009213981627674561,-0.0006515835143997275,-0.5867612317226687
5.917408687273228,0.06789750305037359,-0.0038342816719032177,0.0038342816719032177,0.0680056809128104,-3.232152311217403,0.06452050545218614,0.07189151666786128,-6.494544519045825,0.9238008399974986,0.9995513275174057,0.99801999771751,0.001387155199912765,0.0010088829530055265,299312,0.24198151322050615,6.283185307179586,compact,5000.000126310628,30.0,97.0,slow PRBS,0.06847283917349574,-0.003344830905971351,0.06855458968482653,-2.796866574071487,-0.0005753361231221471,-0.0004894507659318668,-0.43528573714591623
6.392967587771186,0.06786047083525244,-0.0035946637853334724,0.0035946637853334724,0.06795561131879939,-3.032203381191037,0.06291670187672878,0.07304433367595893,-7.168230457967727,2.1491654447509783,0.9990792192138316,0.9949009676919114,0.0011154176957760295,0.0005153242819067059,299474,0.22398103679261053,6.283185307179586,compact,5000.000126310628,30.0,97.0,slow PRBS,0.06830015259552995,-0.0034588624338533916,0.06838799523974556,-2.899750523905098,-0.00043968176027750494,-0.00013580135148008078,-0.13245285728593892
6.906745289740341,0.06783296951844488,-0.0032612757674355714,0.0032612757674355714,0.06791132212909372,-2.7525488647466583,0.06138572920530244,0.07478468005769663,-8.208661747562575,2.5262993606147233,0.9981213792360635,0.9896511647443531,0.0008270866573278741,0.0003339577512157769,299623,0.207319576504084,6.283185307179586,compact,5000.000126310628,30.0,97.0,slow PRBS,0.06789030697092613,-0.003758248397462462,0.06799585480592515,-3.1718190605290606,-5.733745248125144e-05,0.0004969726300268905,0.4192701957824023
7.461813288182395,0.06755552978947878,-0.003707311283625463,0.003707311283625463,0.06765717820077077,-3.1411261357466578,0.06110654473348662,0.07475917426971575,-9.355166650782818,2.7359031539098297,0.997902398400532,0.98914877838886,0.0007036286106628551,0.00034955342263168123,299762,0.19189752586791656,6.283185307179586,compact,5000.000126310628,30.0,97.0,slow PRBS,0.06748046134632231,-0.004057634361071531,0.06760371437210476,-3.4438875971530223,7.506844315646743e-05,0.00035032307744606826,0.3027614614063645
8.061489922091596,0.067327067755582,-0.004114420447797149,0.004114420447797149,0.067452668651329,-3.497050014061715,0.06078751558511125,0.07460416705319249,-9.982277419023417,3.0090548529241348,0.9979949704790667,0.9900766578302388,0.0006858795147372695,0.00034857315105329045,299890,0.17762268790618663,6.283185307179586,compact,5000.000126310628,30.0,97.0,slow PRBS,0.06714688070920867,-0.004351469015669742,0.06728798417157669,-3.7077933775301273,0.00018018704637333405,0.00023704856787259282,0.21074336346841216
8.709360212337149,0.06736735916773604,-0.004503025498564522,0.004503025498564522,0.06751768894056928,-3.8241239470651247,0.05949448942224453,0.0750410767204827,-11.096811427561686,2.52056322162415,0.9976568030930644,0.9869439423974986,0.0007150672387682608,0.00026705798673437467,300008,0.16440972397285822,6.283185307179586,compact,5000.000126310628,30.0,97.0,slow PRBS,0.06718331950146243,-0.004618370050266965,0.0673429780982152,-3.932095422196709,0.0001840396662736027,0.00011534455170244314,0.10797147513158434
9.409297293838325,0.06783456036586638,-0.005456418899660448,0.005456418899660448,0.06805365594322572,-4.598808124504525,0.06141717636220633,0.07439243797288028,-10.826350596208338,0.555499215526714,0.9982313987385641,0.989018980684894,0.0009156361394020999,0.00034411359663591716,300120,0.15217964357744612,6.283185307179586,compact,5000.000126310628,30.0,97.0,slow PRBS,0.0672197582937162,-0.004885271084864189,0.0673979720248537,-4.156397466863291,0.0006148020721501862,-0.0005711478147962593,-0.44241065764123366
10.165485570159344,0.06791963980067994,-0.006149482241605854,0.006149482241605854,0.06819746038155625,-5.173486038953526,0.0628381433259728,0.07381902720024572,-10.71426181554194,-1.2198285683113728,0.9990813071943445,0.9920449356705577,0.001199916219857748,0.0003760946646724181,300221,0.14085933215958513,6.283185307179586,compact,5000.000126310628,30.0,97.0,slow PRBS,0.0671943161837752,-0.005185968953199393,0.0673950036035359,-4.414104248530434,0.0007253236169047494,-0.0009635132884064611,-0.7593817904230926
10.982445728948123,0.06798287125155081,-0.00649392662968549,0.00649392662968549,0.06829232655779617,-5.45650771861686,0.062632909821387,0.07326090470972078,-10.692334740525892,-1.5802841482648677,0.9993974758571454,0.9930919483976283,0.0012427729767409395,0.00042947982098345773,300316,0.13038111399141775,6.283185307179586,compact,5000.000126310628,30.0,97.0,slow PRBS,0.06687718646947473,-0.005645974735904378,0.06711881844136941,-4.829270720738055,0.0011056847820760801,-0.0008479518937811121,-0.6272369978788044
11.865061767767603,0.06786415366274584,-0.006578466358954063,0.006578466358954063,0.06818225261750062,-5.536713743372841,0.06149329635178477,0.07351002347349106,-10.959247197194626,-1.2826094709232694,0.999373089586417,0.9893523912370988,0.001141376015830816,0.00035498403109118754,300403,0.1206823475947193,6.283185307179586,compact,5000.000126310628,30.0,97.0,slow PRBS,0.06656005675517426,-0.006105980518609363,0.06684263327920291,-5.244437192945677,0.001304096907571578,-0.0004724858403447,-0.2922765504271645
12.81861019188702,0.06770083623800274,-0.006775760305094524,0.006775760305094524,0.06803906344914633,-5.715349753926724,0.060405755678612394,0.07399970657746184,-11.332586052946706,-0.23704907658032712,0.9990007626461462,0.9873076072255147,0.0009189720817339554,0.00029585703091789786,300484,0.11170505125405915,6.283185307179586,compact,5000.000126310628,30.0,97.0,slow PRBS,0.06624706480573579,-0.006606110741865171,0.06657757971714676,-5.695744694276597,0.001453771432266951,-0.00016964956322935293,-0.01960505965012782
13.848791558585013,0.06730922059230525,-0.0069721891254294465,0.0069721891254294465,0.0676693623284893,-5.913861044688088,0.05805047756118276,0.0750812743090899,-12.126282316853372,1.1291792096951694,0.9981113052487663,0.9796098779315591,0.0007079907462254732,0.00021612663603566426,300507,0.10339555638722084,6.283185307179586,compact,5000.000126310628,30.0,97.0,slow PRBS,0.06595128100001546,-0.007273110558400439,0.06635882027302618,-6.297355570501109,0.0013579395922897891,0.0003009214329709924,0.38349452581302135
14.961764556544518,0.06630259299376415,-0.007412181393839166,0.007412181393839166,0.06671562238870232,-6.378795079298284,0.05801953296179725,0.07512481893392729,-14.466777147370243,0.7467207350548377,0.9967900525127544,0.9774767422138028,0.0006354077319392242,0.00021512914650794225,300628,0.09570418670063932,6.283185307179586,compact,5000.000126310628,30.0,97.0,slow PRBS,0.06565549719429511,-0.007940110374935711,0.06614006082890563,-6.898966446725625,0.000647095799469033,0.0005279289810965456,0.5201713674273414
16.164182824074786,0.06534212502223494,-0.008263518895553247,0.008263518895553247,0.0658625769838878,-7.207671700301485,0.058336379826876526,0.07486826852141142,-16.619936403744465,0.39797693350629143,0.996347823689379,0.9789112256092798,0.0005415181638241701,0.0002496756917501019,300692,0.0885849612117651,6.283185307179586,compact,5000.000126310628,30.0,97.0,slow PRBS,0.06535568899960827,-0.008505987215707219,0.06590723167594115,-7.415947780058994,-1.3563977373329261e-05,0.00024246832015397193,0.2082760797575096
17.463234726269363,0.06495046166137053,-0.009028899041473753,0.009028899041473753,0.06557502182940002,-7.914087570886973,0.05748360450564614,0.07416496579884149,-16.652508000190608,0.09639327611544353,0.9966836170451522,0.9776273609925398,0.0005470093901069808,0.00023781819093089462,300752,0.08199531936294595,6.283185307179586,compact,5000.000126310628,30.0,97.0,slow PRBS,0.0650424248836519,-0.00873374991996306,0.0656273591342625,-7.64996231378786,-9.196322228137432e-05,-0.0002951491215106936,-0.2641252570991126
18.86668632889803,0.06497116276556467,-0.009498850930622258,0.009498850930622258,0.06566186229548839,-8.317772646066905,0.05816574844753322,0.07356182592826,-15.15915708947334,-1.0707855794977674,0.9973095655221234,0.9825519066632169,0.0006281357344598692,0.000218972061968889,300806,0.07589586658348708,6.283185307179586,compact,5000.000126310628,30.0,97.0,slow PRBS,0.06472916076769555,-0.008961512624218898,0.06534748659258385,-7.883976847516724,0.00024200199786911236,-0.0005373383064033593,-0.4337957985501806
20.382927825941742,0.06498769805651852,-0.009708089559566209,0.009708089559566209,0.06570881144551148,-8.496216715873706,0.05908312869627166,0.07217699463189398,-14.234039358013714,-1.6238038777784645,0.9983755857579151,0.9897400812146857,0.0006783686449309207,0.00025419150699562644,300856,0.07025013877879378,6.283185307179586,compact,5000.000126310628,30.0,97.0,slow PRBS,0.06438548220896038,-0.009276733895119701,0.06505249443937146,-8.200835023507215,0.000602215847558138,-0.0004313556644465078,-0.29538169236649026
22.021023698326182,0.06485800222108237,-0.009832573123734652,0.009832573123734652,0.06559908495050457,-8.620486829751053,0.058410674845585445,0.0724165668942951,-14.380154111950645,-1.530286141269488,0.9986139071186236,0.9885463555146832,0.0007139735480053824,0.00023690919006409827,300716,0.06502438433865287,6.283185307179586,compact,5000.000126310628,30.0,97.0,slow PRBS,0.06394612553585426,-0.009867083360971602,0.06470993883309531,-8.778303710657147,0.0009118766852281163,3.451023723695032e-05,0.15781688090609336
23.790766903715845,0.06458487843494477,-0.010110254135454418,0.010110254135454418,0.06537142924198665,-8.896997078577686,0.05637980281764473,0.07386496932819782,-15.0853123058859,-0.20315111630818716,0.998256522362306,0.9805754094793837,0.0006547986406773139,0.00019228573437891138,300931,0.06018736236144189,6.283185307179586,compact,5000.000126310628,30.0,97.0,slow PRBS,0.06350676886274813,-0.010457432826823508,0.06436738322681915,-9.355772397807081,0.001078109572196645,0.0003471786913690905,0.45877531922939596
25.70273742132899,0.06401332629722956,-0.01015404388235537,0.01015404388235537,0.0648136602175836,-9.013384141029906,0.05453441366049856,0.07405177015659735,-16.5065202739735,1.7506255392854844,0.9973196784585519,0.9730934419156507,0.0005631785628473251,0.00019143569173385178,300665,0.05571015588799905,6.283185307179586,compact,5000.000126310628,30.0,97.0,slow PRBS,0.06300672049093883,-0.01106006809387915,0.06397331538112806,-9.960334082408034,0.0010066058062907224,0.0009060242115237795,0.9469499413781275
27.76836550176963,0.0632549894561341,-0.010268573505719464,0.010268573505719464,0.06408304996594653,-9.220741423381881,0.054089915134489436,0.0737048544083672,-18.07179536766226,2.569004745399719,0.9964325765169252,0.9656930250939108,0.0004915949123797348,0.0001933553974118413,300835,0.05156599902861736,6.283185307179586,compact,5000.000126310628,30.0,97.0,slow PRBS,0.06234373809731221,-0.011695686042984352,0.06344095685450317,-10.637630113420549,0.0009112513588218907,0.0014271125372648883,1.4168886900386681
30.0,0.06243597068069973,-0.010969461421967206,0.010969461421967206,0.06339226702626452,-9.964676659612804,0.054286830286927816,0.07328082637942858,-19.09914845741086,-0.7678484073715001,0.9959768182201881,0.9728198309383035,0.0004707598961463505,0.0002255545507576979,300795,0.04773011694968482,6.283185307179586,compact,5000.000126310628,30.0,97.0,slow PRBS,0.06168075570368559,-0.012331303992089555,0.06290859832787828,-11.314926144433064,0.0007552149770141403,0.001361842570122349,1.3502494848202602
30.0,0.05560761873336703,-0.011595324651418607,0.011595324651418607,0.05680368663183146,-11.778562561118527,0.04760245790522035,0.0721651767235621,-22.869090898463146,1.3303636622072874,0.9921969384597908,0.9506642827663755,0.0005552979166489188,0.00023662373725679667,75622,0.04773011694968482,6.283185307179586,compact,5000.000126310628,97.0,113.9185971221741,fast PRBS,0.06168075570368559,-0.012331303992089555,0.06290859832787828,-11.314926144433064,-0.006073136970318561,0.0007359793406709475,-0.4636364166854623
30.90759008155532,0.054978605662039444,-0.011216819125450217,0.011216819125450217,0.05611117635404823,-11.531314557374127,0.045649751568433546,0.07248492700131973,-25.738475407535677,2.5008188127045545,0.9892935634068749,0.9238228696977563,0.0005011811615131693,0.00019790461154135122,75421,0.04632853951771088,6.283185307179586,compact,5000.000126310628,97.0,113.9185971221741,fast PRBS,0.06142513071662027,-0.012576378117104717,0.06270333776169913,-11.57607001617285,-0.0064465250545808275,0.0013595589916545001,0.044755458798722
31.842637488315233,0.054334650793063044,-0.010952590474461671,0.010952590474461671,0.05542755194761334,-11.396760535029795,0.04284962093588774,0.07395031002540382,-28.422828370616216,2.85201064603381,0.9854547264165414,0.8922608677444692,0.00045526421131682193,0.00016923964407129945,75184,0.04496811889454781,6.283185307179586,compact,5000.000126310628,97.0,113.9185971221741,fast PRBS,0.06116575473112554,-0.012802412656778879,0.062491424232631446,-11.82236525511535,-0.006831103938062494,0.0018498221823172074,0.4256047200855555
32.805972886813784,0.05343805071946384,-0.010167612295450965,0.010167612295450965,0.05439674259077096,-10.772850006184719,0.04026223850942542,0.07343314106610965,-29.228675340400727,4.637067236872611,0.9807894276688309,0.8718724505481567,0.0004219666551506198,0.00014495141436319592,74850,0.04364764652555364,6.283185307179586,compact,5000.000126310628,97.0,113.9185971221741,fast PRBS,0.060882261228090616,-0.012906029780914112,0.06223673463948963,-11.973189336531346,-0.007444210508626779,0.002738417485463147,1.2003393303466279
33.798452073741956,0.052522758261725665,-0.009652850024932606,0.009652850024932606,0.053402412389549535,-10.413845284924758,0.03951333874948229,0.0729605747581592,-31.298939068929208,6.942280373282472,0.9763977342704772,0.8720047871281262,0.00039159735283850314,0.00013543646406399953,74753,0.04236594934485156,6.283185307179586,compact,5000.000126310628,97.0,113.9185971221741,fast PRBS,0.0605987677250557,-0.013009646905049346,0.061982045046347814,-12.124013417947342,-0.008076009463330036,0.0033567968801167403,1.7101681330225844
34.82095673621033,0.05136597948546371,-0.009728311659049615,0.009728311659049615,0.052279096168896026,-10.724347804972703,0.03854146165384577,0.07125769767264964,-31.986068723974554,10.739767303973451,0.9747023339076926,0.8554256878913583,0.00037236836642206,0.0001382000337828941,74977,0.04112188873321529,6.283185307179586,compact,5000.000126310628,97.0,113.9185971221741,fast PRBS,0.06031527422202077,-0.013113264029184581,0.061727355453206,-12.274837499363342,-0.008949294736557062,0.003384952370134966,1.550489694390638
35.87439523501205,0.05088515181223353,-0.009884967995293776,0.009884967995293776,0.051836389411513174,-10.993377582136823,0.03764381868121696,0.06968711377114173,-31.46186688740479,11.816456717106723,0.9759283155753964,0.8571741706040014,0.0003584999807831423,0.00015398279898789537,74872,0.03991435950655583,6.283185307179586,compact,5000.000126310628,97.0,113.9185971221741,fast PRBS,0.06003178071898585,-0.013216881153319817,0.061472665860064175,-12.42566158077934,-0.009146628906752323,0.0033319131580260408,1.4322839986425162
36.9597034115818,0.05067425395898825,-0.009892243899870071,0.009892243899870071,0.051630770899479636,-11.04593363075342,0.03674368706965524,0.07104285856036067,-31.672737899680055,11.71090700295412,0.9787504260675428,0.8643094184403475,0.0003447286276835709,0.00015275750355522562,74757,0.038742288934110844,6.283185307179586,compact,5000.000126310628,97.0,113.9185971221741,fast PRBS,0.059748287215950935,-0.01332049827745505,0.06121797626692236,-12.576485662195335,-0.009074033256962682,0.0034282543775849793,1.530552031441914
38.07784541936774,0.05025173176236058,-0.010190810646796404,0.010190810646796404,0.05127464448199615,-11.463843512655558,0.035986106329909534,0.07047261219964411,-31.942781974702694,9.389088552426143,0.98039603191456,0.8692996564972257,0.00034679537407839316,0.00015573858199110203,74939,0.03760463578546458,6.283185307179586,compact,5000.000126310628,97.0,113.9185971221741,fast PRBS,0.05946479371291601,-0.013424115401590284,0.06096328667378055,-12.727309743611332,-0.009213061950555435,0.0032333047547938795,1.2634662309557747
39.229814580354905,0.0501103479461446,-0.010447422123004145,0.010447422123004145,0.05118784621665493,-11.776799214890103,0.034972956945409785,0.06957017180394603,-32.019600944591026,7.843898428428249,0.9805853991343115,0.8797401278774449,0.0003533810242590103,0.0001595689147900765,75159,0.03650038940555172,6.283185307179586,compact,5000.000126310628,97.0,113.9185971221741,fast PRBS,0.05918130020988109,-0.01352773252572552,0.06070859708063873,-12.87813382502733,-0.009070952263736491,0.0030803104027213746,1.1013346101372274
40.41663426750108,0.05015160693328806,-0.010983034540856038,0.010983034540856038,0.05134014730906665,-12.352573917751583,0.035392523146696546,0.0697276507591214,-33.215749948292704,6.301321898537236,0.9807075413748257,0.8901847547512394,0.0003640975805137808,0.00015093804322335118,75373,0.035428568816823394,6.283185307179586,compact,5000.000126310628,97.0,113.9185971221741,fast PRBS,0.05886104095237858,-0.013650768708316835,0.060424610991382195,-13.060676775847393,-0.008709434019090523,0.0026677341674607967,0.7081028580958098
41.639358813868846,0.0504159606709176,-0.01136004385967816,0.01136004385967816,0.051679973750625316,-12.698179143584346,0.035980968966094005,0.0698828993703082,-35.20026764683394,5.257860862516023,0.9801066061751625,0.8935090024658177,0.0003724013803394726,0.0001561305592481727,75577,0.034388221847777824,6.283185307179586,compact,5000.000126310628,97.0,113.9185971221741,fast PRBS,0.05849057733905662,-0.013800321994515185,0.060100619964473606,-13.286532462358934,-0.008074616668139016,0.002440278134837024,0.5883533187745886
42.89907444926187,0.05052672150408856,-0.01157244273431543,0.01157244273431543,0.05183503657557054,-12.90030028114892,0.036642567054887956,0.06918249192259279,-37.08969005281301,4.518157097168371,0.9801129557731978,0.8963220422995157,0.00038924941239278923,0.00014994572809321537,75596,0.03337842428708114,6.283185307179586,compact,5000.000126310628,97.0,113.9185971221741,fast PRBS,0.05812011372573466,-0.013949875280713531,0.059776628937565024,-13.512388148870473,-0.007593392221646102,0.002377432546398101,0.6120878677215522
44.19690026519699,0.050776046482358755,-0.01175504414500069,0.01175504414500069,0.05211897887746432,-13.034780423797947,0.036477744680734996,0.06921570370536756,-36.27119865860796,3.7834777947758402,0.9806323060970954,0.892383594361377,0.0004011758553893027,0.00014773338894875565,75646,0.03239827906252743,6.283185307179586,compact,5000.000126310628,97.0,113.9185971221741,fast PRBS,0.0577496501124127,-0.01409942856691188,0.05945263791065644,-13.738243835382015,-0.006973603630053941,0.0023443844219111897,0.7034634115840674
45.53398920906974,0.05189509689803336,-0.011772417981717437,0.011772417981717437,0.053213634598592637,-12.781249098577172,0.03784457530424008,0.06968727381286915,-33.5169321835245,3.0945533981677773,0.9823322381936819,0.8969927326830073,0.00041914312216954474,0.0001669454728519436,75596,0.03144691544410805,6.283185307179586,compact,5000.000126310628,97.0,113.9185971221741,fast PRBS,0.05737918649909074,-0.014248981853110227,0.05912864688374786,-13.964099521893555,-0.005484089601057382,0.0024765638713927906,1.182850423316383
46.91152910839637,0.052920664632109496,-0.01175477267515657,0.01175477267515657,0.0542104365021055,-12.523262053106086,0.03905244376540745,0.06925742600119501,-31.320535885434932,2.50380694086607,0.9838885860527666,0.9125256418307506,0.0004298496939711908,0.000195317980826131,75618,0.030523488270482704,6.283185307179586,compact,5000.000126310628,97.0,113.9185971221741,fast PRBS,0.057008722885768776,-0.014398535139308576,0.05880465585683927,-14.189955208405097,-0.00408805825365928,0.002643762464152006,1.6666931552990114
48.330743726042186,0.0538760450066579,-0.011648576226325381,0.011648576226325381,0.05512093571103398,-12.200165590058317,0.04011379157177272,0.06941379548805889,-29.000379441065004,2.2100622184067023,0.9858249391172457,0.9283328348334622,0.00044534656925660285,0.00023071653031322726,75430,0.02962717719816482,6.283185307179586,compact,5000.000126310628,97.0,113.9185971221741,fast PRBS,0.05663825927244682,-0.014548088425506924,0.05848066482993069,-14.415810894916635,-0.0027622142657889176,0.0028995121991815427,2.2156453048583185
49.79289384737379,0.05418124591428366,-0.01139036637948726,0.01139036637948726,0.055365583669668234,-11.872241015098213,0.041027407663391705,0.0693993820499094,-27.892871622103765,1.847995262694349,0.9880001543971991,0.9382357284600853,0.00046061971558354793,0.0002311257726259408,75619,0.02875718597275436,6.283185307179586,compact,5000.000126310628,97.0,113.9185971221741,fast PRBS,0.056267795659124854,-0.014697641711705272,0.058156673803022106,-14.641666581428177,-0.0020865497448411957,0.003307275332218012,2.7694255663299643
51.299278400300906,0.05444751067872369,-0.011311659138630786,0.011311659138630786,0.055610116449961694,-11.7364434059847,0.04182382080467202,0.06990420647711032,-27.032756964264188,1.0334693948735123,0.9898473946530559,0.948411023633897,0.00047030345882184606,0.0002273051786979243,75736,0.0279127417215706,6.283185307179586,compact,5000.000126310628,97.0,113.9185971221741,fast PRBS,0.05583652159520578,-0.014761873061397122,0.05775589926781577,-14.814606728290041,-0.0013890109164820877,0.003450213922766336,3.0781633223053415
52.85123560920286,0.054401282809466135,-0.011327286203928626,0.011327286203928626,0.055568039231749286,-11.761915074144841,0.04179935511187847,0.07041543466514895,-26.650417339171693,0.9024482646063032,0.9912571991624888,0.9512471586952292,0.00047486725060703357,0.0002208339157280717,75775,0.02709309426705647,6.283185307179586,compact,5000.000126310628,97.0,113.9185971221741,fast PRBS,0.05538170078443886,-0.014793066437849865,0.05732539297081153,-14.967057159910322,-0.0009804179749727249,0.003465780233921238,3.2051420857654804
54.45014418376473,0.054481731182417274,-0.01175081454950228,0.01175081454950228,0.05573455548589199,-12.171310409364102,0.042079429344119554,0.07124662820615067,-26.999483778646276,-0.26784258491258484,0.9921614887181867,0.9486555723863052,0.0004736315437489099,0.00021031463098606474,75687,0.02629751546034458,6.283185307179586,compact,5000.000126310628,97.0,113.9185971221741,fast PRBS,0.05492687997367195,-0.014824259814302609,0.05689488667380731,-15.1195075915306,-0.0004451487912546792,0.0030734452648003285,2.9481971821664974
56.09742454377947,0.05446704935737003,-0.012230454893553963,0.012230454893553963,0.05582332391215558,-12.655719187643504,0.04182530664348153,0.07201623580351244,-27.01921077142958,-1.0154903652299876,0.9926824184360487,0.944492544194842,0.000461372193411621,0.0001974140501977844,75725,0.025525298534392792,6.283185307179586,compact,5000.000126310628,97.0,113.9185971221741,fast PRBS,0.05447205916290504,-0.014855453190755352,0.05646438037680308,-15.271958023150876,-5.009805535007017e-06,0.0026249982972013884,2.6162388355073727
57.79454008100388,0.05447123524310737,-0.012715361125579963,0.012715361125579963,0.05593564049390918,-13.139415141336423,0.042121294719397996,0.07275368902897168,-27.043273046202415,-1.9086931902944648,0.9927321066314979,0.9444274807177283,0.0004488536270645798,0.00017805447035981596,75583,0.024775757476114733,6.283185307179586,compact,5000.000126310628,97.0,113.9185971221741,fast PRBS,0.054017238352138126,-0.014886646567208096,0.05603387407979885,-15.424408454771157,0.000453996890969241,0.0021712854416281336,2.284993313434734
59.542998459189576,0.05434967885081967,-0.013284489275508347,0.013284489275508347,0.05594966708121087,-13.735285694552509,0.04224592010534201,0.07259613183906678,-26.758622240449714,-1.794702191406095,0.9927392458875761,0.9467959149921437,0.00044401717148062153,0.00016612710208874004,75732,0.024048226416947458,6.283185307179586,compact,5000.000126310628,97.0,113.9185971221741,fast PRBS,0.053562417541371206,-0.01491783994366084,0.055603367782794615,-15.576858886391438,0.0007872613094484643,0.001633350668152492,1.841573191838929
61.344352953443725,0.05397737645849959,-0.01355381222095782,0.01355381222095782,0.05565305917075513,-14.09563893587086,0.04231388160358672,0.07271668355919764,-26.830669663202983,-1.3891746737396384,0.992519283945517,0.9425872074502522,0.0004312451407406681,0.00015866086644836453,75766,0.02334205904131492,6.283185307179586,compact,5000.000126310628,97.0,113.9185971221741,fast PRBS,0.053107596730604306,-0.014949033320113582,0.0551728614857904,-15.729309318011714,0.0008697797278952868,0.001395221099155762,1.6336703821408545
63.200203830109544,0.0535711198624157,-0.013905752661660116,0.013905752661660116,0.05534649799581341,-14.551434290973573,0.04255128974329741,0.07276666627180538,-27.275407577141745,-1.6233772739556895,0.9921813851906442,0.9395812671129521,0.0004268149718974236,0.00015002256981164923,75729,0.02265662801246163,6.283185307179586,compact,5000.000126310628,97.0,113.9185971221741,fast PRBS,0.052652775919837386,-0.014980226696566326,0.05474235518878617,-15.881759749631993,0.000918343942578316,0.0010744740349062105,1.33032545865842
65.11219976839229,0.05294342613908305,-0.01430460327415015,0.01430460327415015,0.05484184575828361,-15.119538566556404,0.04223260469694866,0.07181983075805179,-27.267182569957285,-2.1866490815794752,0.9915760694764082,0.9363967152821016,0.00041451767072293204,0.00014893848326000983,75813,0.021991324415146545,6.283185307179586,compact,5000.000126310628,97.0,113.9185971221741,fast PRBS,0.05234854952259265,-0.01488367349341583,0.05442329863945521,-15.870892204683365,0.0005948766164904015,0.0005790702192656812,0.751353638126961
67.08203932499372,0.05231794912377615,-0.014473693396842251,0.014473693396842251,0.054283106037365116,-15.464036988082944,0.04204672887518159,0.07017698976890428,-27.47964528926779,-2.341653852664303,0.9911736669841666,0.9376046160248475,0.00040363169228136445,0.00014790577124998398,75797,0.021345557214702025,6.283185307179586,compact,5000.000126310628,97.0,113.9185971221741,fast PRBS,0.052047523880116166,-0.014784405146560936,0.0541066108586791,-15.8565534765745,0.00027042524365998577,0.0003107117497186847,0.39251648849155707
69.11147244305596,0.05157731210126425,-0.014452391934846452,0.014452391934846452,0.053563894147360444,-15.65331393455835,0.04161970017353641,0.06882546021900628,-28.003282040372422,-2.7119814166797296,0.9910398590485082,0.9398139448615129,0.00037514640432375354,0.0001439491230472016,75745,0.020718752731977375,6.283185307179586,compact,5000.000126310628,97.0,113.9185971221741,fast PRBS,0.05174649823763969,-0.014685136799706044,0.053789923077903,-15.842214748465638,-0.00016918613637544044,0.00023274486485959194,0.18890081390728852
71.20230200675606,0.05084446150981145,-0.014428559691883704,0.014428559691883704,0.05285208227690702,-15.842796384924268,0.041139740298989966,0.06782045560472834,-28.579264412123177,-3.0121970544769376,0.9908319555147317,0.9428846625698047,0.00035269381701815366,0.00014271431202497563,75651,0.02011035413370031,6.283185307179586,compact,5000.000126310628,97.0,113.9185971221741,fast PRBS,0.05144547259516319,-0.014585868452851146,0.05347323529712687,-15.827876020356774,-0.0006010110853517381,0.00015730876096744194,-0.01492036456749446
73.35638544293067,0.0500298351269831,-0.014532623300984369,0.014532623300984369,0.05209780746673919,-16.197478610400914,0.04115852575247879,0.06727478511857984,-29.358419951652046,-3.3032277871194946,0.9904313154083896,0.941837521085169,0.00033214298438608686,0.00013202103414674586,75447,0.019519820937804078,6.283185307179586,compact,5000.000126310628,97.0,113.9185971221741,fast PRBS,0.05114444695268671,-0.014486600105996254,0.053156547516350766,-15.81353729224791,-0.0011146118257036111,-4.6023194988115135e-05,-0.3839413181530045
75.57563637115578,0.04926283569477974,-0.014416606527642147,0.014416606527642147,0.05132899302016083,-16.31194078528976,0.04050065746457254,0.06620373149824588,-30.420512526654868,-3.23274664758985,0.9899271138915124,0.9377283614806757,0.0003132374392033684,0.00011929746221968427,75386,0.01894662853328014,6.283185307179586,compact,5000.000126310628,97.0,113.9185971221741,fast PRBS,0.050843421310210225,-0.014387331759141359,0.05283985973557465,-15.799198564139045,-0.0015805856154304868,-2.927476850078832e-05,-0.5127422211507149
77.86202630374555,0.048355880506621436,-0.014289259149132552,0.014289259149132552,0.050422952180546904,-16.462515159381145,0.03948417967881303,0.06408932191250333,-31.596067808422024,-2.927829393837747,0.989583662214781,0.930732560033708,0.00030504100064633046,0.00011362053579617278,75523,0.01839026771413041,6.283185307179586,compact,5000.000126310628,97.0,113.9185971221741,fast PRBS,0.05054239566773373,-0.014288063412286464,0.05252317195479854,-15.784859836030183,-0.002186515161112297,-1.1957368460883272e-06,-0.6776553233509617
80.21758639718152,0.047467971385876856,-0.014380944806012857,0.014380944806012857,0.04959858749000834,-16.854762689250492,0.03879640222988515,0.06245608314027327,-32.757215912265195,-3.321495777273129,0.9899671596642264,0.9279547683119868,0.0002954448719840441,0.0001182924661565046,75563,0.017850244227004753,6.283185307179586,compact,5000.000126310628,97.0,113.9185971221741,fast PRBS,0.05018686360138268,-0.01424163158080216,0.052169619600604546,-15.847346880117865,-0.002718892215505822,-0.0001393132252106976,-1.0074158091326275
82.64440925652784,0.046978894326997755,-0.014486477136511196,0.014486477136511196,0.049161718155632875,-17.137742440552334,0.03819953914742514,0.06172562342296157,-32.847158876238716,-2.889562256945615,0.989715249944821,0.9240624159921388,0.0002795364745719698,0.00010853649965187207,75403,0.017326078332121936,6.283185307179586,compact,5000.000126310628,97.0,113.9185971221741,fast PRBS,0.049669381332961164,-0.014352188297321992,0.051706534741984916,-16.13809966697529,-0.0026904870059634087,-0.000134288839189204,-0.9996427735770439
85.1446507944353,0.04662867183821455,-0.014530287794219495,0.014530287794219495,0.04884017097409413,-17.307923043739873,0.03736465914325875,0.06129571156382625,-32.888886085404394,-2.517097078624774,0.9891111673447727,0.9159454571262691,0.0002643448530560957,0.00010511699554030971,75406,0.01681730437708399,6.283185307179586,compact,5000.000126310628,97.0,113.9185971221741,fast PRBS,0.04915189906453963,-0.014462745013841828,0.05124344988336528,-16.428852453832718,-0.0025232272263250796,-6.75427803776673e-05,-0.8790705899071547
87.72053214638599,0.046521522411036076,-0.014531845449876584,0.014531845449876584,0.048738348142090646,-17.347146027134478,0.03683820681297712,0.0611973968949795,-32.95099944541493,-2.1364633628495966,0.9888055835341831,0.9139667122989389,0.00025938810583580956,0.00010303606684425921,75467,0.016323470383205353,6.283185307179586,compact,5000.000126310628,97.0,113.9185971221741,fast PRBS,0.048634416796118095,-0.014573301730361662,0.05078036502474564,-16.71960524069015,-0.002112894385082019,4.145628048507835e-05,-0.6275407864443281
90.37434164387983,0.046839264018330905,-0.014300273160827087,0.014300273160827087,0.0489736098960775,-16.97770550719228,0.03730775922247155,0.061775295795365566,-32.34498758684768,-1.499243443361272,0.9888031626367388,0.9155167265108284,0.0002476489551584908,9.610298989822159e-05,75491,0.015844137643989283,6.283185307179586,compact,5000.000126310628,97.0,113.9185971221741,fast PRBS,0.04811693452769656,-0.014683858446881498,0.050317280166125994,-17.010358027547582,-0.0012776705093656554,0.0003835852860544116,0.03265252035530253
93.10843684731574,0.04714468461253818,-0.014100377383264476,0.014100377383264476,0.04920814901585072,-16.651257237310926,0.03806184941006317,0.06191989892657497,-31.387289491402708,-1.2688790814258564,0.9893819179846675,0.9191028842369467,0.00023937642148726894,9.144646067707193e-05,75512,0.01537888033539493,6.283185307179586,compact,5000.000126310628,97.0,113.9185971221741,fast PRBS,0.047599452259275046,-0.01479441516340133,0.049854195307506365,-17.301110814405003,-0.0004547676467368672,0.0006940377801368542,0.6498535770940777
95.92524664037389,0.0474421603355441,-0.014132498129082871,0.014132498129082871,0.04950238459581522,-16.588215761313922,0.039167886838551644,0.06158658834512429,-29.852538919129387,-1.8901304565053123,0.9907630311588047,0.9323849743348221,0.00023954886016586303,9.319068980770403e-05,75477,0.01492728513754868,6.283185307179586,compact,5000.000126310628,97.0,113.9185971221741,fast PRBS,0.04708196999085351,-0.014904971879921167,0.04939111044888672,-17.591863601262435,0.0003601903446905849,0.0007724737508382953,1.0036478399485134
98.82727338775894,0.047661401406003,-0.014256606558148865,0.014256606558148865,0.04974796492860786,-16.653117318999335,0.04032777213020318,0.06151309350887982,-29.111242712023728,-2.6248006769861774,0.992197590688015,0.9468922233732688,0.00024660307252380334,9.533640983361501e-05,75530,0.0144889508675639,6.283185307179586,compact,5000.000126310628,97.0,113.9185971221741,fast PRBS,0.04656448772243198,-0.015015528596441001,0.04892802559026708,-17.882616388119867,0.0010969136835710241,0.0007589220382921355,1.229499069120532
101.81709515822182,0.047604191478752916,-0.014429976559674651,0.014429976559674651,0.049743173098009456,-16.863319564269318,0.04077972317830098,0.06083737453106797,-29.18227573377916,-3.3760650732866666,0.9932216211132082,0.9548919114537253,0.00024618803827632693,9.068464985787465e-05,75597,0.014063488123142719,6.283185307179586,compact,5000.000126310628,97.0,113.9185971221741,fast PRBS,0.04611841721801899,-0.015023221998260254,0.048503698168810436,-18.044241135470827,0.0014857742607339297,0.0005932454385856028,1.1809215712015089
104.89736801483443,0.0474170954741429,-0.014672831358100961,0.014672831358100961,0.04963539990034586,-17.19425311401974,0.04074664641195295,0.05992421605635125,-29.675405161055433,-4.239806032351589,0.9939398381273503,0.960071862932589,0.00024338367883737982,9.012326480595557e-05,75687,0.013650518936643357,6.283185307179586,compact,5000.000126310628,97.0,113.9185971221741,fast PRBS,0.04574166780838181,-0.014931063538326529,0.04811699351178404,-18.08051822912462,0.0016754276657610853,0.0002582321802255677,0.8862651151048802
108.0708283745518,0.04725633664682477,-0.014939363449961844,0.014939363449961844,0.049561536836220985,-17.543548142929083,0.0406455591690207,0.05988951794222197,-29.840895365683583,-4.895597834203146,0.9943789843135429,0.9624650827691752,0.0002376333085139553,8.903358523392153e-05,75843,0.01324967643930566,6.283185307179586,compact,5000.000126310628,97.0,113.9185971221741,fast PRBS,0.04536491839874465,-0.014838905078392809,0.04773028885475768,-18.116795322778415,0.0018914182480801178,-0.0001004583715690354,0.5732471798493322
111.34029543915888,0.04707080535114938,-0.015200113922442225,0.015200113922442225,0.04946417066585687,-17.896316302146367,0.04058768955775593,0.059975929471552954,-30.376998783991517,-5.329141766124614,0.9944949494856272,0.961581611817354,0.00023607180492282145,8.477399370574151e-05,75882,0.01286060453533643,6.283185307179586,compact,5000.000126310628,97.0,113.9185971221741,fast PRBS,0.04498816898910749,-0.014746746618459086,0.0473435841977313,-18.15307241643221,0.0020826363620418883,-0.00045336730398313867,0.25675611428584233
114.70867369975949,0.0467598643036184,-0.01541785630473183,0.01541785630473183,0.04923611685263335,-18.248635643735554,0.04031898618148048,0.06022838020818997,-31.20338958461183,-5.781445060918605,0.9945210968372726,0.9580790034756268,0.00023051597214423296,7.831948952650308e-05,75882,0.012482957585565274,6.283185307179586,compact,5000.000126310628,97.0,113.9185971221741,fast PRBS,0.04461141957947033,-0.014654588158525366,0.04695687954070493,-18.189349510086,0.0021484447241480673,-0.0007632681462064646,-0.05928613364955382
118.17895551703515,0.04636382186583201,-0.015595898912341099,0.015595898912341099,0.048916623359452814,-18.59195053054036,0.04025003836184446,0.060640417256493426,-32.025991834830066,-5.613258098385295,0.9942922307138987,0.953566801339549,0.0002217201749195113,6.929525331070799e-05,75883,0.012116400100389614,6.283185307179586,compact,5000.000126310628,97.0,113.9185971221741,fast PRBS,0.04423467016983316,-0.014562429698591641,0.04657017488367854,-18.225626603739794,0.0021291516959988516,-0.0010334692137494578,-0.3663239268005647
121.75422377956272,0.04593165782598517,-0.015663624668152736,0.015663624668152736,0.04852902562784614,-18.83041478970817,0.03989280236579921,0.06068693897269369,-32.23103502499206,-5.29697180403931,0.9939008745721684,0.9516149151921848,0.0002071322700853482,6.425545047457313e-05,75914,0.011760606441736432,6.283185307179586,compact,5000.000126310628,97.0,113.9185971221741,fast PRBS,0.043857920760196,-0.014470271238657921,0.046183470226652173,-18.26190369739359,0.002073737065789172,-0.0011933534294948141,-0.56851109231458
125.43765464255607,0.04536384278747511,-0.01577680872513282,0.01577680872513282,0.04802901129521806,-19.176845606434235,0.03922142588001076,0.05998311261870654,-32.27277973378229,-5.159907746240855,0.9934612333837193,0.9495605272884307,0.0001999477965319801,6.535017736557893e-05,75893,0.011415260533775605,6.283185307179586,compact,5000.000126310628,97.0,113.9185971221741,fast PRBS,0.04348117135055884,-0.0143781127787242,0.045796765569625794,-18.298180791047383,0.0018826714369162695,-0.0013986959464086218,-0.8786648153868519
129.23252034946088,0.04469903600936635,-0.015794750582436436,0.015794750582436436,0.04740757287742124,-19.461255890173824,0.038571190681167884,0.05891954545476982,-32.08092117279846,-4.464152910168608,0.9932486833832078,0.9450656235789228,0.00019514025775556034,6.333249266313091e-05,75864,0.011080055582128233,6.283185307179586,compact,5000.000126310628,97.0,113.9185971221741,fast PRBS,0.043259097002849266,-0.014114200376589236,0.04550686425238249,-18.06003591553718,0.0014399390065170867,-0.0016805502058471998,-1.4012199746366427
133.14219213891317,0.04414470108711643,-0.01571332449094762,0.01571332449094762,0.04685790435592135,-19.59320779746456,0.03756270374229891,0.05794623066267915,-31.85364829760827,-3.9455520269703417,0.9929462637737725,0.9393219473829832,0.00019140120028645897,6.048065962299733e-05,75865,0.01075469380132014,6.283185307179586,compact,5000.000126310628,97.0,113.9185971221741,fast PRBS,0.043074623124694685,-0.013808535743718377,0.04524049517740871,-17.75518090092515,0.0010700779624217421,-0.001904788747229243,-1.8380268965394109
137.17014323964014,0.04360479137577976,-0.015498921856246562,0.015498921856246562,0.04627736390106198,-19.567288446399896,0.0368463229998621,0.05728030280128973,-31.934182108648233,-4.121933976222016,0.9927713222613497,0.9420203185940611,0.0001891502811346405,6.344953133751212e-05,75818,0.010438886150238746,6.283185307179586,compact,5000.000126310628,97.0,113.9185971221741,fast PRBS,0.042890149246540096,-0.013502871110847518,0.044974126102434925,-17.45032588631312,0.0007146421292396621,-0.001996050745399044,-2.116962560086776
141.31995195596758,0.04318130673841891,-0.015071548144052692,0.015071548144052692,0.04573594664042629,-19.240491917664087,0.03650957359885909,0.05698145998802074,-31.823865297361348,-4.595488621071209,0.9926338910615743,0.9453792108223487,0.00018925633197361898,6.070387069502365e-05,75825,0.010132352075358024,6.283185307179586,compact,5000.000126310628,97.0,113.9185971221741,fast PRBS,0.042705675368385515,-0.013197206477976661,0.044707757027461145,-17.14547087170109,0.00047563137003339695,-0.001874341666076031,-2.095021045962998
145.59530484667135,0.042813186831054686,-0.014568776274639853,0.014568776274639853,0.045224088810846184,-18.792778321079087,0.03611770121890094,0.05648621842577127,-31.63586681567038,-4.493278762049987,0.9926927655448348,0.9482263337690907,0.0001890194530296499,5.614990447723876e-05,75802,0.009834819261503687,6.283185307179586,compact,5000.000126310628,97.0,113.9185971221741,fast PRBS,0.042521201490230934,-0.012891541845105802,0.04444138795248736,-16.84061585708906,0.0002919853408237527,-0.0016772344295340504,-1.9521624639900281
150.0,0.042567283070098584,-0.013968316801478895,0.013968316801478895,0.044800529709327984,-18.167083040294354,0.035949755858984536,0.05575364579720232,-30.88536427750371,-4.203780268484469,0.9928620928550114,0.9531376845860356,0.00018823736875206226,5.4169018103346e-05,75794,0.009546023389936964,6.283185307179586,compact,5000.000126310628,97.0,113.9185971221741,fast PRBS,0.04233672761207635,-0.012585877212234952,0.044175018877513586,-16.53576084247704,0.0002305554580222316,-0.0013824395892439428,-1.6313221978173154
