dc_potential/V,harmonic_01_envelope/mA,harmonic_02_envelope/mA,harmonic_03_envelope/mA,harmonic_04_envelope/mA,harmonic_05_envelope/mA,harmonic_06_envelope/mA,harmonic_07_envelope/mA
1.4096512872655396,166.17627806911491,6.184674631462621,4.743291679732224,0.3096820158693342,0.10525150245249562,0.08010169955267428,0.06239021761468706
1.4302462644971876,166.75213812847838,15.024922690563045,6.690685924163106,0.268469880515227,0.07484104184409628,0.06545960704624862,0.04810353697307175
1.4497896662382759,156.68876175016177,25.10532340420189,8.225830785991104,0.2241759999937885,0.07936075369074724,0.05986861721266307,0.04396153383986824
1.4701291057130774,129.16332406540798,36.66467037318174,9.163187104709458,0.18211826004823092,0.09321653618340857,0.05995437698122888,0.0457582485614739
1.4897962368668618,111.69110168004667,49.19049343847285,9.401375251297068,0.14828138135086755,0.0994121007989981,0.058597963850364435,0.04561824717567398
1.5100813789056666,192.1520660078569,62.29944176743603,9.34529984926808,0.12733490683978943,0.09977641655663409,0.051691923375421556,0.042418764890208016
1.5298395845840076,341.69585369659944,75.58462474039196,8.640100860832122,0.13443739809035757,0.09728915549146933,0.039770221253255675,0.034380474188951154
1.5500394631912837,526.8894226910998,88.63300598912573,7.190289230503916,0.15130753609447561,0.10732403725588079,0.0544143376196456,0.03823126140143821
1.5698830505453645,732.7301907862749,101.26522825472793,5.10541355408758,0.1730241144627369,0.14072480286076236,0.09103490692955186,0.06424437870613196
1.5899907531161928,945.6121302569126,113.04040117252812,2.624643350888312,0.19758496929452912,0.18626420238211866,0.13308604832043605,0.09545864870361802
1.6099424796931583,1150.8621515569555,123.376733748286,2.9133619900479597,0.22376482068345976,0.23581688973342313,0.17325276386683386,0.12578347508824467
1.6299112274928627,1334.2289169835447,131.95898687084585,5.385743013109153,0.25079321823138345,0.28448307795723893,0.20984458237466666,0.15548588078568373
1.6500599269698608,1481.8391937512229,138.62843627695852,7.418554772079396,0.27506320837096365,0.32464272749276946,0.24084314017576552,0.17902851003836243
1.6697249627993114,1582.8341044804743,143.09012518900278,8.77947994042199,0.29342833550258446,0.35012287198212894,0.2610504973695284,0.19436126493430644
1.6900179270910705,1628.9370195369554,145.18528293154952,9.310518245367831,0.30434303166501575,0.3589189239981539,0.2687101279305425,0.20013272941290713
1.6904574105804662,1630.2722157250653,145.32741275863458,9.31895968563932,0.30551863662583867,0.3588463083107968,0.268726777460656,0.20010690700053907
1.669463937371216,1588.936630281148,144.34743965525126,8.826361271577586,0.30281010392724617,0.3488756037619488,0.2611069176138734,0.19451765343163582
1.6505271902183762,1491.8006998134326,140.8988490759861,7.521227004322924,0.2886628132824326,0.3223791656928572,0.2420066547487233,0.1800321992238299
1.6296367859043321,1346.1722711655634,135.0559345885973,5.5211900644540455,0.26258654545267734,0.28228928375067697,0.2122005478259376,0.1572647205188515
1.6104262900903297,1163.181906268012,126.97354524402283,3.0631412279525874,0.22531951823581176,0.23190684476245205,0.17414602787706024,0.1281745018479345
1.5896948484297804,956.7370719620798,116.88953359827616,2.4282226913339606,0.1787053893371828,0.17638177888899895,0.13099281610653368,0.09523314202763418
1.5703942911447777,742.8172535776029,105.12344903166847,4.914657747849487,0.12767226799222733,0.12282951132773655,0.08622894416895052,0.06117684299241612
1.5497089952212202,539.1424875750472,92.07007510936174,7.028673289638865,0.08089308741654493,0.07629169977604625,0.04334344274944442,0.028734804761120468
1.5303940517150953,365.3945577298569,78.20728084071939,8.53016803517049,0.09489855746423853,0.06778705666533483,0.025324150156769976,0.022659854234709013
1.509696909817946,246.47362218103478,64.11025169429233,9.295485132825,0.13954142226055383,0.08142002459176109,0.045828276636927484,0.03700734163338396
1.4904184790859265,223.0047719143164,50.21422868930173,9.391008908983988,0.18118632234212384,0.08845173616382179,0.057096857910857654,0.044317847976088655
1.4696586977888204,253.19133996724798,37.06993016534936,9.211807520648462,0.21452331805863983,0.08879384180858885,0.059284164667363096,0.045274484254840194
1.4504736083685288,265.84182045191613,25.1556981896231,8.365794893365047,0.23510035811356558,0.08518534473946493,0.05851791745457705,0.04411886184403684
1.429581013367564,262.79539925928634,14.851670777039939,6.932727338099564,0.24620139647132175,0.07266265765930152,0.050915399975775155,0.03744738332054317
1.410583833761128,238.7403574232231,6.672775324584691,5.088017299871769,0.2476873487588721,0.05341155581015113,0.036893374473279714,0.02590569935790579
1.4000201442237998,194.24702423494088,1.8685294746395198,1.4426704806083106,0.2431070668787281,0.025475600219179058,0.018639252246922217,0.011461091470012202
